id,source,split,n_symbols,classes_present
0,synthetic,train,90,Symbol_1;Symbol_10;Symbol_11;Symbol_12;Symbol_13;Symbol_15;Symbol_16;Symbol_17;Symbol_18;Symbol_19;Symbol_2;Symbol_20;Symbol_21;Symbol_22;Symbol_23;Symbol_24;Symbol_25;Symbol_26;Symbol_27;Symbol_28;Symbol_29;Symbol_30;Symbol_31;Symbol_32;Symbol_4;Symbol_5;Symbol_6;Symbol_7;Symbol_8;Symbol_9
1,synthetic,train,92,Symbol_1;Symbol_10;Symbol_11;Symbol_12;Symbol_13;Symbol_14;Symbol_15;Symbol_16;Symbol_17;Symbol_18;Symbol_19;Symbol_2;Symbol_21;Symbol_22;Symbol_23;Symbol_24;Symbol_25;Symbol_26;Symbol_27;Symbol_28;Symbol_29;Symbol_30;Symbol_31;Symbol_32;Symbol_4;Symbol_5;Symbol_6;Symbol_7;Symbol_9
10,synthetic,train,105,Symbol_1;Symbol_10;Symbol_11;Symbol_12;Symbol_13;Symbol_14;Symbol_15;Symbol_16;Symbol_17;Symbol_18;Symbol_19;Symbol_2;Symbol_20;Symbol_21;Symbol_22;Symbol_23;Symbol_24;Symbol_25;Symbol_26;Symbol_27;Symbol_28;Symbol_29;Symbol_3;Symbol_30;Symbol_31;Symbol_32;Symbol_4;Symbol_5;Symbol_6;Symbol_7;Symbol_8;Symbol_9
100,synthetic,val,121,Symbol_1;Symbol_10;Symbol_11;Symbol_12;Symbol_13;Symbol_14;Symbol_15;Symbol_16;Symbol_17;Symbol_18;Symbol_19;Symbol_2;Symbol_20;Symbol_21;Symbol_22;Symbol_23;Symbol_24;Symbol_25;Symbol_26;Symbol_27;Symbol_28;Symbol_29;Symbol_3;Symbol_30;Symbol_31;Symbol_32;Symbol_4;Symbol_5;Symbol_6;Symbol_7;Symbol_8;Symbol_9
101,synthetic,train,105,Symbol_1;Symbol_10;Symbol_11;Symbol_12;Symbol_14;Symbol_15;Symbol_16;Symbol_17;Symbol_18;Symbol_19;Symbol_2;Symbol_20;Symbol_21;Symbol_22;Symbol_24;Symbol_25;Symbol_28;Symbol_29;Symbol_3;Symbol_30;Symbol_31;Symbol_32;Symbol_4;Symbol_5;Symbol_6;Symbol_7;Symbol_8;Symbol_9
102,synthetic,train,119,Symbol_1;Symbol_10;Symbol_11;Symbol_12;Symbol_13;Symbol_15;Symbol_16;Symbol_17;Symbol_18;Symbol_19;Symbol_2;Symbol_20;Symbol_21;Symbol_22;Symbol_23;Symbol_24;Symbol_25;Symbol_26;Symbol_27;Symbol_28;Symbol_29;Symbol_3;Symbol_30;Symbol_31;Symbol_32;Symbol_4;Symbol_5;Symbol_6;Symbol_7;Symbol_8;Symbol_9
103,synthetic,train,105,Symbol_1;Symbol_10;Symbol_11;Symbol_12;Symbol_13;Symbol_14;Symbol_15;Symbol_16;Symbol_17;Symbol_18;Symbol_19;Symbol_2;Symbol_20;Symbol_21;Symbol_22;Symbol_23;Symbol_24;Symbol_25;Symbol_26;Symbol_27;Symbol_28;Symbol_29;Symbol_3;Symbol_30;Symbol_31;Symbol_32;Symbol_4;Symbol_5;Symbol_6;Symbol_7;Symbol_8;Symbol_9
104,synthetic,train,115,Symbol_1;Symbol_10;Symbol_11;Symbol_12;Symbol_13;Symbol_14;Symbol_15;Symbol_16;Symbol_17;Symbol_18;Symbol_19;Symbol_2;Symbol_20;Symbol_21;Symbol_22;Symbol_23;Symbol_24;Symbol_25;Symbol_26;Symbol_27;Symbol_28;Symbol_29;Symbol_3;Symbol_30;Symbol_31;Symbol_4;Symbol_5;Symbol_6;Symbol_7;Symbol_8;Symbol_9
105,synthetic,train,119,Symbol_1;Symbol_10;Symbol_11;Symbol_12;Symbol_13;Symbol_14;Symbol_15;Symbol_16;Symbol_17;Symbol_18;Symbol_19;Symbol_2;Symbol_20;Symbol_21;Symbol_22;Symbol_23;Symbol_24;Symbol_25;Symbol_26;Symbol_27;Symbol_28;Symbol_29;Symbol_30;Symbol_31;Symbol_32;Symbol_4;Symbol_5;Symbol_6;Symbol_7;Symbol_8;Symbol_9
106,synthetic,train,131,Symbol_1;Symbol_10;Symbol_11;Symbol_12;Symbol_13;Symbol_14;Symbol_15;Symbol_16;Symbol_17;Symbol_18;Symbol_19;Symbol_2;Symbol_20;Symbol_21;Symbol_22;Symbol_23;Symbol_24;Symbol_25;Symbol_26;Symbol_27;Symbol_28;Symbol_29;Symbol_30;Symbol_31;Symbol_32;Symbol_4;Symbol_5;Symbol_6;Symbol_7;Symbol_8;Symbol_9
107,synthetic,train,107,Symbol_1;Symbol_10;Symbol_11;Symbol_12;Symbol_13;Symbol_14;Symbol_15;Symbol_16;Symbol_18;Symbol_19;Symbol_2;Symbol_20;Symbol_21;Symbol_22;Symbol_23;Symbol_24;Symbol_25;Symbol_26;Symbol_27;Symbol_28;Symbol_3;Symbol_30;Symbol_32;Symbol_4;Symbol_5;Symbol_6;Symbol_7;Symbol_8;Symbol_9
108,synthetic,train,114,Symbol_1;Symbol_10;Symbol_11;Symbol_12;Symbol_13;Symbol_14;Symbol_15;Symbol_16;Symbol_17;Symbol_18;Symbol_19;Symbol_2;Symbol_21;Symbol_22;Symbol_23;Symbol_24;Symbol_25;Symbol_26;Symbol_27;Symbol_28;Symbol_29;Symbol_3;Symbol_30;Symbol_31;Symbol_32;Symbol_4;Symbol_5;Symbol_6;Symbol_7;Symbol_8;Symbol_9
109,synthetic,val,115,Symbol_1;Symbol_10;Symbol_11;Symbol_12;Symbol_13;Symbol_14;Symbol_15;Symbol_16;Symbol_17;Symbol_18;Symbol_19;Symbol_2;Symbol_20;Symbol_21;Symbol_22;Symbol_23;Symbol_24;Symbol_25;Symbol_26;Symbol_27;Symbol_28;Symbol_29;Symbol_3;Symbol_30;Symbol_31;Symbol_32;Symbol_4;Symbol_5;Symbol_6;Symbol_7;Symbol_8;Symbol_9
11,synthetic,val,107,Symbol_1;Symbol_10;Symbol_11;Symbol_12;Symbol_13;Symbol_14;Symbol_15;Symbol_16;Symbol_17;Symbol_18;Symbol_19;Symbol_2;Symbol_20;Symbol_21;Symbol_22;Symbol_23;Symbol_24;Symbol_25;Symbol_26;Symbol_27;Symbol_28;Symbol_29;Symbol_3;Symbol_31;Symbol_32;Symbol_4;Symbol_5;Symbol_7;Symbol_8;Symbol_9
110,synthetic,train,143,Symbol_1;Symbol_10;Symbol_11;Symbol_12;Symbol_13;Symbol_14;Symbol_15;Symbol_16;Symbol_17;Symbol_18;Symbol_19;Symbol_2;Symbol_20;Symbol_21;Symbol_22;Symbol_23;Symbol_24;Symbol_25;Symbol_26;Symbol_27;Symbol_28;Symbol_29;Symbol_3;Symbol_30;Symbol_31;Symbol_32;Symbol_4;Symbol_5;Symbol_6;Symbol_7;Symbol_8;Symbol_9
111,synthetic,val,172,Symbol_1;Symbol_10;Symbol_11;Symbol_12;Symbol_13;Symbol_14;Symbol_15;Symbol_16;Symbol_17;Symbol_18;Symbol_19;Symbol_2;Symbol_20;Symbol_21;Symbol_22;Symbol_23;Symbol_24;Symbol_25;Symbol_26;Symbol_27;Symbol_28;Symbol_29;Symbol_3;Symbol_30;Symbol_31;Symbol_32;Symbol_4;Symbol_5;Symbol_6;Symbol_7;Symbol_8;Symbol_9
112,synthetic,val,171,Symbol_1;Symbol_10;Symbol_11;Symbol_12;Symbol_13;Symbol_14;Symbol_15;Symbol_16;Symbol_17;Symbol_18;Symbol_19;Symbol_2;Symbol_20;Symbol_21;Symbol_22;Symbol_23;Symbol_24;Symbol_25;Symbol_26;Symbol_27;Symbol_28;Symbol_29;Symbol_3;Symbol_30;Symbol_31;Symbol_32;Symbol_4;Symbol_5;Symbol_6;Symbol_7;Symbol_8;Symbol_9
113,synthetic,train,168,Symbol_1;Symbol_10;Symbol_11;Symbol_12;Symbol_13;Symbol_14;Symbol_15;Symbol_16;Symbol_17;Symbol_18;Symbol_19;Symbol_2;Symbol_20;Symbol_21;Symbol_22;Symbol_23;Symbol_24;Symbol_25;Symbol_26;Symbol_27;Symbol_28;Symbol_29;Symbol_3;Symbol_30;Symbol_31;Symbol_32;Symbol_4;Symbol_5;Symbol_6;Symbol_7;Symbol_8;Symbol_9
114,synthetic,train,149,Symbol_1;Symbol_10;Symbol_11;Symbol_12;Symbol_13;Symbol_14;Symbol_15;Symbol_16;Symbol_17;Symbol_18;Symbol_19;Symbol_2;Symbol_20;Symbol_21;Symbol_22;Symbol_23;Symbol_24;Symbol_25;Symbol_26;Symbol_27;Symbol_28;Symbol_29;Symbol_3;Symbol_30;Symbol_31;Symbol_32;Symbol_4;Symbol_5;Symbol_6;Symbol_7;Symbol_8;Symbol_9
115,synthetic,train,152,Symbol_1;Symbol_10;Symbol_11;Symbol_12;Symbol_13;Symbol_14;Symbol_16;Symbol_17;Symbol_18;Symbol_19;Symbol_20;Symbol_21;Symbol_22;Symbol_23;Symbol_24;Symbol_25;Symbol_26;Symbol_27;Symbol_28;Symbol_29;Symbol_3;Symbol_30;Symbol_31;Symbol_32;Symbol_4;Symbol_5;Symbol_6;Symbol_7;Symbol_8;Symbol_9
116,synthetic,train,147,Symbol_1;Symbol_10;Symbol_11;Symbol_12;Symbol_13;Symbol_14;Symbol_15;Symbol_16;Symbol_18;Symbol_19;Symbol_2;Symbol_20;Symbol_21;Symbol_22;Symbol_23;Symbol_24;Symbol_25;Symbol_26;Symbol_27;Symbol_28;Symbol_29;Symbol_3;Symbol_30;Symbol_31;Symbol_32;Symbol_4;Symbol_5;Symbol_6;Symbol_7;Symbol_8;Symbol_9
117,synthetic,train,173,Symbol_1;Symbol_10;Symbol_11;Symbol_12;Symbol_13;Symbol_14;Symbol_15;Symbol_16;Symbol_17;Symbol_18;Symbol_19;Symbol_2;Symbol_20;Symbol_21;Symbol_22;Symbol_23;Symbol_24;Symbol_25;Symbol_26;Symbol_27;Symbol_28;Symbol_29;Symbol_3;Symbol_30;Symbol_31;Symbol_32;Symbol_4;Symbol_5;Symbol_6;Symbol_7;Symbol_8;Symbol_9
118,synthetic,val,170,Symbol_1;Symbol_10;Symbol_11;Symbol_12;Symbol_13;Symbol_14;Symbol_15;Symbol_16;Symbol_17;Symbol_18;Symbol_19;Symbol_2;Symbol_20;Symbol_21;Symbol_22;Symbol_23;Symbol_24;Symbol_25;Symbol_26;Symbol_27;Symbol_28;Symbol_29;Symbol_3;Symbol_30;Symbol_31;Symbol_32;Symbol_4;Symbol_5;Symbol_6;Symbol_7;Symbol_8;Symbol_9
119,synthetic,val,160,Symbol_1;Symbol_10;Symbol_11;Symbol_12;Symbol_13;Symbol_14;Symbol_15;Symbol_16;Symbol_17;Symbol_18;Symbol_19;Symbol_2;Symbol_20;Symbol_21;Symbol_22;Symbol_23;Symbol_24;Symbol_25;Symbol_26;Symbol_27;Symbol_28;Symbol_29;Symbol_3;Symbol_30;Symbol_31;Symbol_32;Symbol_4;Symbol_5;Symbol_6;Symbol_7;Symbol_8;Symbol_9
12,synthetic,train,103,Symbol_1;Symbol_10;Symbol_11;Symbol_12;Symbol_13;Symbol_14;Symbol_15;Symbol_16;Symbol_17;Symbol_19;Symbol_2;Symbol_20;Symbol_21;Symbol_22;Symbol_23;Symbol_24;Symbol_25;Symbol_26;Symbol_27;Symbol_28;Symbol_29;Symbol_3;Symbol_30;Symbol_31;Symbol_32;Symbol_4;Symbol_5;Symbol_6;Symbol_7;Symbol_8;Symbol_9
120,synthetic,train,83,Symbol_1;Symbol_10;Symbol_11;Symbol_12;Symbol_13;Symbol_14;Symbol_15;Symbol_16;Symbol_17;Symbol_18;Symbol_19;Symbol_2;Symbol_20;Symbol_21;Symbol_22;Symbol_23;Symbol_24;Symbol_26;Symbol_27;Symbol_28;Symbol_29;Symbol_3;Symbol_30;Symbol_31;Symbol_32;Symbol_4;Symbol_5;Symbol_6;Symbol_7;Symbol_9
121,synthetic,train,129,Symbol_1;Symbol_10;Symbol_11;Symbol_12;Symbol_13;Symbol_14;Symbol_15;Symbol_16;Symbol_17;Symbol_18;Symbol_19;Symbol_2;Symbol_20;Symbol_21;Symbol_22;Symbol_23;Symbol_24;Symbol_25;Symbol_26;Symbol_27;Symbol_28;Symbol_29;Symbol_3;Symbol_30;Symbol_31;Symbol_32;Symbol_4;Symbol_5;Symbol_6;Symbol_7;Symbol_8;Symbol_9
122,synthetic,train,108,Symbol_1;Symbol_10;Symbol_11;Symbol_12;Symbol_13;Symbol_14;Symbol_15;Symbol_16;Symbol_17;Symbol_18;Symbol_19;Symbol_2;Symbol_20;Symbol_21;Symbol_22;Symbol_23;Symbol_24;Symbol_25;Symbol_26;Symbol_27;Symbol_28;Symbol_29;Symbol_3;Symbol_30;Symbol_31;Symbol_32;Symbol_4;Symbol_6;Symbol_7;Symbol_8;Symbol_9
123,synthetic,train,108,Symbol_1;Symbol_10;Symbol_11;Symbol_12;Symbol_13;Symbol_14;Symbol_15;Symbol_16;Symbol_17;Symbol_18;Symbol_19;Symbol_2;Symbol_20;Symbol_21;Symbol_22;Symbol_23;Symbol_24;Symbol_25;Symbol_26;Symbol_27;Symbol_28;Symbol_29;Symbol_3;Symbol_30;Symbol_31;Symbol_32;Symbol_4;Symbol_5;Symbol_6;Symbol_7;Symbol_8;Symbol_9
124,synthetic,train,89,Symbol_1;Symbol_10;Symbol_11;Symbol_12;Symbol_15;Symbol_16;Symbol_17;Symbol_18;Symbol_19;Symbol_2;Symbol_20;Symbol_21;Symbol_22;Symbol_24;Symbol_25;Symbol_26;Symbol_27;Symbol_28;Symbol_29;Symbol_3;Symbol_31;Symbol_32;Symbol_4;Symbol_5;Symbol_6;Symbol_7;Symbol_8;Symbol_9
125,synthetic,train,97,Symbol_1;Symbol_10;Symbol_11;Symbol_12;Symbol_14;Symbol_15;Symbol_16;Symbol_17;Symbol_18;Symbol_19;Symbol_2;Symbol_20;Symbol_21;Symbol_22;Symbol_23;Symbol_25;Symbol_26;Symbol_27;Symbol_28;Symbol_29;Symbol_3;Symbol_30;Symbol_31;Symbol_32;Symbol_4;Symbol_5;Symbol_6;Symbol_7;Symbol_8;Symbol_9
126,synthetic,train,89,Symbol_1;Symbol_10;Symbol_11;Symbol_12;Symbol_13;Symbol_14;Symbol_15;Symbol_16;Symbol_17;Symbol_18;Symbol_19;Symbol_2;Symbol_20;Symbol_21;Symbol_22;Symbol_23;Symbol_25;Symbol_26;Symbol_27;Symbol_28;Symbol_29;Symbol_3;Symbol_30;Symbol_31;Symbol_32;Symbol_4;Symbol_5;Symbol_7;Symbol_8;Symbol_9
127,synthetic,train,97,Symbol_1;Symbol_10;Symbol_11;Symbol_12;Symbol_13;Symbol_14;Symbol_15;Symbol_16;Symbol_17;Symbol_18;Symbol_19;Symbol_2;Symbol_20;Symbol_21;Symbol_24;Symbol_25;Symbol_26;Symbol_27;Symbol_28;Symbol_29;Symbol_3;Symbol_30;Symbol_31;Symbol_32;Symbol_4;Symbol_5;Symbol_6;Symbol_7;Symbol_8;Symbol_9
128,synthetic,train,110,Symbol_1;Symbol_10;Symbol_11;Symbol_12;Symbol_13;Symbol_14;Symbol_15;Symbol_16;Symbol_18;Symbol_19;Symbol_20;Symbol_21;Symbol_22;Symbol_23;Symbol_24;Symbol_25;Symbol_26;Symbol_27;Symbol_28;Symbol_29;Symbol_3;Symbol_30;Symbol_31;Symbol_32;Symbol_4;Symbol_5;Symbol_6;Symbol_7;Symbol_8;Symbol_9
129,synthetic,train,105,Symbol_1;Symbol_10;Symbol_11;Symbol_12;Symbol_13;Symbol_14;Symbol_15;Symbol_16;Symbol_18;Symbol_19;Symbol_2;Symbol_20;Symbol_21;Symbol_22;Symbol_23;Symbol_24;Symbol_25;Symbol_26;Symbol_27;Symbol_28;Symbol_29;Symbol_3;Symbol_30;Symbol_31;Symbol_32;Symbol_4;Symbol_5;Symbol_6;Symbol_7;Symbol_8;Symbol_9
13,synthetic,val,112,Symbol_1;Symbol_10;Symbol_11;Symbol_12;Symbol_13;Symbol_14;Symbol_15;Symbol_16;Symbol_17;Symbol_18;Symbol_19;Symbol_2;Symbol_20;Symbol_21;Symbol_22;Symbol_23;Symbol_24;Symbol_25;Symbol_26;Symbol_27;Symbol_28;Symbol_29;Symbol_3;Symbol_30;Symbol_31;Symbol_32;Symbol_4;Symbol_5;Symbol_6;Symbol_7;Symbol_8;Symbol_9
130,synthetic,val,105,Symbol_1;Symbol_10;Symbol_11;Symbol_12;Symbol_13;Symbol_14;Symbol_15;Symbol_16;Symbol_17;Symbol_18;Symbol_19;Symbol_2;Symbol_20;Symbol_21;Symbol_22;Symbol_23;Symbol_24;Symbol_25;Symbol_26;Symbol_27;Symbol_28;Symbol_29;Symbol_3;Symbol_30;Symbol_31;Symbol_32;Symbol_4;Symbol_5;Symbol_6;Symbol_7;Symbol_8;Symbol_9
131,synthetic,train,120,Symbol_1;Symbol_10;Symbol_11;Symbol_12;Symbol_13;Symbol_14;Symbol_15;Symbol_16;Symbol_17;Symbol_18;Symbol_19;Symbol_2;Symbol_20;Symbol_21;Symbol_22;Symbol_23;Symbol_24;Symbol_25;Symbol_26;Symbol_27;Symbol_28;Symbol_29;Symbol_3;Symbol_30;Symbol_31;Symbol_32;Symbol_4;Symbol_5;Symbol_6;Symbol_7;Symbol_8;Symbol_9
132,synthetic,train,104,Symbol_1;Symbol_10;Symbol_11;Symbol_12;Symbol_13;Symbol_14;Symbol_15;Symbol_16;Symbol_17;Symbol_18;Symbol_19;Symbol_2;Symbol_20;Symbol_21;Symbol_22;Symbol_23;Symbol_24;Symbol_25;Symbol_26;Symbol_27;Symbol_28;Symbol_29;Symbol_3;Symbol_30;Symbol_31;Symbol_32;Symbol_4;Symbol_5;Symbol_6;Symbol_7;Symbol_8;Symbol_9
133,synthetic,train,102,Symbol_10;Symbol_11;Symbol_12;Symbol_13;Symbol_14;Symbol_15;Symbol_17;Symbol_18;Symbol_19;Symbol_2;Symbol_20;Symbol_21;Symbol_22;Symbol_23;Symbol_24;Symbol_25;Symbol_26;Symbol_27;Symbol_28;Symbol_29;Symbol_3;Symbol_30;Symbol_31;Symbol_32;Symbol_4;Symbol_5;Symbol_6;Symbol_7;Symbol_8;Symbol_9
134,synthetic,val,117,Symbol_1;Symbol_10;Symbol_11;Symbol_12;Symbol_13;Symbol_14;Symbol_15;Symbol_16;Symbol_17;Symbol_18;Symbol_2;Symbol_20;Symbol_21;Symbol_22;Symbol_23;Symbol_24;Symbol_25;Symbol_27;Symbol_28;Symbol_29;Symbol_3;Symbol_30;Symbol_31;Symbol_32;Symbol_4;Symbol_5;Symbol_6;Symbol_7;Symbol_8;Symbol_9
135,synthetic,train,98,Symbol_1;Symbol_10;Symbol_11;Symbol_12;Symbol_13;Symbol_14;Symbol_15;Symbol_16;Symbol_17;Symbol_18;Symbol_19;Symbol_2;Symbol_20;Symbol_21;Symbol_22;Symbol_23;Symbol_24;Symbol_25;Symbol_26;Symbol_27;Symbol_28;Symbol_29;Symbol_3;Symbol_30;Symbol_31;Symbol_32;Symbol_4;Symbol_5;Symbol_6;Symbol_8;Symbol_9
136,synthetic,train,110,Symbol_1;Symbol_10;Symbol_11;Symbol_12;Symbol_13;Symbol_14;Symbol_15;Symbol_16;Symbol_17;Symbol_18;Symbol_19;Symbol_2;Symbol_21;Symbol_22;Symbol_23;Symbol_24;Symbol_25;Symbol_26;Symbol_27;Symbol_28;Symbol_29;Symbol_30;Symbol_31;Symbol_32;Symbol_4;Symbol_5;Symbol_6;Symbol_7;Symbol_8;Symbol_9
137,synthetic,train,106,Symbol_1;Symbol_10;Symbol_12;Symbol_13;Symbol_14;Symbol_15;Symbol_16;Symbol_17;Symbol_18;Symbol_19;Symbol_2;Symbol_20;Symbol_21;Symbol_22;Symbol_23;Symbol_24;Symbol_25;Symbol_26;Symbol_27;Symbol_28;Symbol_29;Symbol_30;Symbol_31;Symbol_32;Symbol_4;Symbol_5;Symbol_6;Symbol_7;Symbol_8;Symbol_9
138,synthetic,val,113,Symbol_1;Symbol_10;Symbol_11;Symbol_13;Symbol_14;Symbol_15;Symbol_17;Symbol_18;Symbol_19;Symbol_2;Symbol_20;Symbol_21;Symbol_22;Symbol_23;Symbol_24;Symbol_25;Symbol_26;Symbol_27;Symbol_28;Symbol_29;Symbol_3;Symbol_30;Symbol_31;Symbol_32;Symbol_4;Symbol_5;Symbol_6;Symbol_7;Symbol_8;Symbol_9
139,synthetic,train,113,Symbol_1;Symbol_10;Symbol_11;Symbol_12;Symbol_13;Symbol_14;Symbol_15;Symbol_16;Symbol_17;Symbol_18;Symbol_19;Symbol_2;Symbol_20;Symbol_21;Symbol_22;Symbol_23;Symbol_24;Symbol_25;Symbol_26;Symbol_27;Symbol_28;Symbol_29;Symbol_3;Symbol_30;Symbol_31;Symbol_32;Symbol_4;Symbol_5;Symbol_6;Symbol_7;Symbol_8;Symbol_9
14,synthetic,train,109,Symbol_1;Symbol_10;Symbol_11;Symbol_12;Symbol_13;Symbol_14;Symbol_15;Symbol_16;Symbol_17;Symbol_18;Symbol_19;Symbol_2;Symbol_20;Symbol_21;Symbol_23;Symbol_24;Symbol_25;Symbol_26;Symbol_27;Symbol_28;Symbol_29;Symbol_3;Symbol_30;Symbol_31;Symbol_32;Symbol_4;Symbol_5;Symbol_6;Symbol_7;Symbol_8;Symbol_9
140,synthetic,val,127,Symbol_1;Symbol_10;Symbol_11;Symbol_12;Symbol_13;Symbol_14;Symbol_15;Symbol_16;Symbol_17;Symbol_18;Symbol_19;Symbol_2;Symbol_20;Symbol_21;Symbol_22;Symbol_23;Symbol_24;Symbol_25;Symbol_26;Symbol_27;Symbol_28;Symbol_29;Symbol_3;Symbol_30;Symbol_31;Symbol_32;Symbol_4;Symbol_5;Symbol_6;Symbol_7;Symbol_9
141,synthetic,train,94,Symbol_1;Symbol_10;Symbol_11;Symbol_12;Symbol_13;Symbol_14;Symbol_15;Symbol_16;Symbol_17;Symbol_18;Symbol_19;Symbol_2;Symbol_20;Symbol_21;Symbol_22;Symbol_23;Symbol_24;Symbol_25;Symbol_26;Symbol_27;Symbol_28;Symbol_29;Symbol_3;Symbol_31;Symbol_32;Symbol_4;Symbol_5;Symbol_7;Symbol_8;Symbol_9
142,synthetic,val,129,Symbol_1;Symbol_10;Symbol_11;Symbol_12;Symbol_13;Symbol_14;Symbol_15;Symbol_16;Symbol_17;Symbol_18;Symbol_19;Symbol_2;Symbol_20;Symbol_21;Symbol_22;Symbol_23;Symbol_24;Symbol_25;Symbol_26;Symbol_28;Symbol_29;Symbol_3;Symbol_30;Symbol_31;Symbol_32;Symbol_4;Symbol_5;Symbol_6;Symbol_7;Symbol_8;Symbol_9
143,synthetic,train,105,Symbol_1;Symbol_10;Symbol_11;Symbol_12;Symbol_13;Symbol_14;Symbol_15;Symbol_16;Symbol_17;Symbol_18;Symbol_19;Symbol_2;Symbol_20;Symbol_21;Symbol_22;Symbol_23;Symbol_24;Symbol_25;Symbol_26;Symbol_27;Symbol_28;Symbol_29;Symbol_3;Symbol_30;Symbol_31;Symbol_32;Symbol_4;Symbol_5;Symbol_6;Symbol_7;Symbol_8
144,synthetic,val,121,Symbol_1;Symbol_10;Symbol_11;Symbol_12;Symbol_13;Symbol_14;Symbol_15;Symbol_17;Symbol_18;Symbol_19;Symbol_2;Symbol_20;Symbol_21;Symbol_22;Symbol_23;Symbol_24;Symbol_25;Symbol_26;Symbol_27;Symbol_28;Symbol_29;Symbol_3;Symbol_30;Symbol_31;Symbol_32;Symbol_4;Symbol_5;Symbol_6;Symbol_7;Symbol_8;Symbol_9
145,synthetic,val,115,Symbol_10;Symbol_11;Symbol_12;Symbol_13;Symbol_14;Symbol_15;Symbol_16;Symbol_17;Symbol_18;Symbol_19;Symbol_2;Symbol_20;Symbol_21;Symbol_22;Symbol_23;Symbol_24;Symbol_25;Symbol_26;Symbol_27;Symbol_28;Symbol_29;Symbol_3;Symbol_30;Symbol_31;Symbol_32;Symbol_4;Symbol_5;Symbol_6;Symbol_7;Symbol_8;Symbol_9
146,synthetic,train,121,Symbol_1;Symbol_10;Symbol_11;Symbol_12;Symbol_13;Symbol_14;Symbol_15;Symbol_16;Symbol_17;Symbol_18;Symbol_19;Symbol_20;Symbol_21;Symbol_22;Symbol_23;Symbol_24;Symbol_25;Symbol_26;Symbol_27;Symbol_28;Symbol_29;Symbol_3;Symbol_31;Symbol_32;Symbol_4;Symbol_5;Symbol_6;Symbol_7;Symbol_8;Symbol_9
147,synthetic,train,118,Symbol_1;Symbol_10;Symbol_11;Symbol_12;Symbol_13;Symbol_14;Symbol_15;Symbol_16;Symbol_17;Symbol_18;Symbol_19;Symbol_2;Symbol_20;Symbol_21;Symbol_22;Symbol_23;Symbol_24;Symbol_25;Symbol_27;Symbol_28;Symbol_29;Symbol_3;Symbol_30;Symbol_31;Symbol_32;Symbol_4;Symbol_5;Symbol_6;Symbol_7;Symbol_8;Symbol_9
148,synthetic,train,124,Symbol_1;Symbol_10;Symbol_11;Symbol_12;Symbol_13;Symbol_14;Symbol_15;Symbol_16;Symbol_17;Symbol_18;Symbol_19;Symbol_2;Symbol_20;Symbol_21;Symbol_22;Symbol_23;Symbol_24;Symbol_25;Symbol_26;Symbol_27;Symbol_28;Symbol_29;Symbol_3;Symbol_30;Symbol_31;Symbol_32;Symbol_4;Symbol_5;Symbol_6;Symbol_7;Symbol_8;Symbol_9
149,synthetic,train,135,Symbol_1;Symbol_10;Symbol_11;Symbol_12;Symbol_13;Symbol_14;Symbol_15;Symbol_16;Symbol_17;Symbol_18;Symbol_19;Symbol_2;Symbol_20;Symbol_21;Symbol_22;Symbol_23;Symbol_24;Symbol_25;Symbol_26;Symbol_27;Symbol_28;Symbol_29;Symbol_3;Symbol_31;Symbol_32;Symbol_4;Symbol_5;Symbol_7;Symbol_8;Symbol_9
15,synthetic,val,103,Symbol_1;Symbol_10;Symbol_12;Symbol_13;Symbol_14;Symbol_15;Symbol_16;Symbol_17;Symbol_18;Symbol_19;Symbol_2;Symbol_20;Symbol_21;Symbol_22;Symbol_23;Symbol_24;Symbol_25;Symbol_26;Symbol_27;Symbol_28;Symbol_29;Symbol_3;Symbol_30;Symbol_31;Symbol_32;Symbol_4;Symbol_5;Symbol_6;Symbol_8;Symbol_9
150,synthetic,train,156,Symbol_1;Symbol_10;Symbol_11;Symbol_12;Symbol_13;Symbol_14;Symbol_15;Symbol_16;Symbol_17;Symbol_18;Symbol_19;Symbol_2;Symbol_20;Symbol_21;Symbol_22;Symbol_23;Symbol_24;Symbol_25;Symbol_26;Symbol_27;Symbol_28;Symbol_29;Symbol_3;Symbol_30;Symbol_31;Symbol_32;Symbol_4;Symbol_5;Symbol_6;Symbol_7;Symbol_8;Symbol_9
151,synthetic,train,173,Symbol_1;Symbol_10;Symbol_11;Symbol_12;Symbol_13;Symbol_14;Symbol_15;Symbol_16;Symbol_17;Symbol_18;Symbol_19;Symbol_2;Symbol_20;Symbol_21;Symbol_22;Symbol_23;Symbol_24;Symbol_25;Symbol_26;Symbol_27;Symbol_28;Symbol_29;Symbol_3;Symbol_30;Symbol_31;Symbol_32;Symbol_4;Symbol_5;Symbol_6;Symbol_7;Symbol_9
152,synthetic,train,165,Symbol_1;Symbol_10;Symbol_11;Symbol_12;Symbol_13;Symbol_14;Symbol_15;Symbol_16;Symbol_17;Symbol_18;Symbol_19;Symbol_2;Symbol_20;Symbol_21;Symbol_22;Symbol_23;Symbol_24;Symbol_25;Symbol_26;Symbol_27;Symbol_28;Symbol_29;Symbol_3;Symbol_30;Symbol_31;Symbol_32;Symbol_4;Symbol_5;Symbol_6;Symbol_7;Symbol_8;Symbol_9
153,synthetic,train,160,Symbol_1;Symbol_10;Symbol_11;Symbol_12;Symbol_13;Symbol_14;Symbol_15;Symbol_17;Symbol_18;Symbol_19;Symbol_2;Symbol_20;Symbol_21;Symbol_22;Symbol_23;Symbol_24;Symbol_25;Symbol_26;Symbol_27;Symbol_28;Symbol_29;Symbol_3;Symbol_30;Symbol_31;Symbol_32;Symbol_4;Symbol_5;Symbol_6;Symbol_7;Symbol_8;Symbol_9
154,synthetic,train,168,Symbol_1;Symbol_10;Symbol_11;Symbol_12;Symbol_13;Symbol_14;Symbol_15;Symbol_16;Symbol_17;Symbol_18;Symbol_19;Symbol_2;Symbol_20;Symbol_21;Symbol_22;Symbol_23;Symbol_24;Symbol_25;Symbol_26;Symbol_27;Symbol_28;Symbol_29;Symbol_3;Symbol_30;Symbol_31;Symbol_32;Symbol_4;Symbol_5;Symbol_6;Symbol_7;Symbol_8;Symbol_9
155,synthetic,val,145,Symbol_1;Symbol_10;Symbol_11;Symbol_12;Symbol_13;Symbol_14;Symbol_15;Symbol_16;Symbol_17;Symbol_18;Symbol_19;Symbol_2;Symbol_20;Symbol_21;Symbol_22;Symbol_23;Symbol_24;Symbol_25;Symbol_26;Symbol_27;Symbol_28;Symbol_29;Symbol_3;Symbol_30;Symbol_31;Symbol_32;Symbol_4;Symbol_5;Symbol_6;Symbol_7;Symbol_8;Symbol_9
156,synthetic,train,142,Symbol_1;Symbol_10;Symbol_11;Symbol_12;Symbol_13;Symbol_14;Symbol_16;Symbol_17;Symbol_19;Symbol_2;Symbol_20;Symbol_21;Symbol_22;Symbol_23;Symbol_24;Symbol_25;Symbol_26;Symbol_27;Symbol_28;Symbol_29;Symbol_3;Symbol_30;Symbol_31;Symbol_32;Symbol_4;Symbol_5;Symbol_6;Symbol_7;Symbol_8;Symbol_9
157,synthetic,train,168,Symbol_1;Symbol_10;Symbol_11;Symbol_12;Symbol_13;Symbol_14;Symbol_15;Symbol_16;Symbol_17;Symbol_18;Symbol_19;Symbol_2;Symbol_20;Symbol_21;Symbol_22;Symbol_23;Symbol_24;Symbol_25;Symbol_26;Symbol_27;Symbol_28;Symbol_29;Symbol_3;Symbol_30;Symbol_31;Symbol_32;Symbol_4;Symbol_5;Symbol_6;Symbol_7;Symbol_8;Symbol_9
158,synthetic,train,158,Symbol_1;Symbol_10;Symbol_11;Symbol_12;Symbol_13;Symbol_14;Symbol_15;Symbol_16;Symbol_17;Symbol_18;Symbol_19;Symbol_2;Symbol_20;Symbol_21;Symbol_22;Symbol_23;Symbol_24;Symbol_25;Symbol_26;Symbol_27;Symbol_28;Symbol_29;Symbol_3;Symbol_30;Symbol_31;Symbol_32;Symbol_4;Symbol_5;Symbol_6;Symbol_7;Symbol_8;Symbol_9
159,synthetic,train,136,Symbol_1;Symbol_10;Symbol_11;Symbol_12;Symbol_13;Symbol_14;Symbol_15;Symbol_16;Symbol_17;Symbol_18;Symbol_19;Symbol_2;Symbol_20;Symbol_21;Symbol_22;Symbol_23;Symbol_24;Symbol_25;Symbol_26;Symbol_27;Symbol_28;Symbol_29;Symbol_3;Symbol_30;Symbol_31;Symbol_32;Symbol_4;Symbol_5;Symbol_6;Symbol_7;Symbol_8;Symbol_9
16,synthetic,train,106,Symbol_1;Symbol_10;Symbol_11;Symbol_12;Symbol_13;Symbol_14;Symbol_15;Symbol_16;Symbol_17;Symbol_18;Symbol_19;Symbol_2;Symbol_20;Symbol_21;Symbol_22;Symbol_23;Symbol_24;Symbol_25;Symbol_26;Symbol_27;Symbol_28;Symbol_29;Symbol_30;Symbol_31;Symbol_32;Symbol_4;Symbol_5;Symbol_6;Symbol_7;Symbol_8;Symbol_9
160,synthetic,train,102,Symbol_1;Symbol_10;Symbol_11;Symbol_12;Symbol_13;Symbol_14;Symbol_15;Symbol_16;Symbol_17;Symbol_18;Symbol_19;Symbol_2;Symbol_20;Symbol_21;Symbol_22;Symbol_23;Symbol_24;Symbol_25;Symbol_26;Symbol_27;Symbol_28;Symbol_29;Symbol_3;Symbol_30;Symbol_31;Symbol_32;Symbol_4;Symbol_5;Symbol_6;Symbol_7;Symbol_8;Symbol_9
161,synthetic,train,127,Symbol_1;Symbol_10;Symbol_11;Symbol_12;Symbol_13;Symbol_14;Symbol_15;Symbol_16;Symbol_17;Symbol_18;Symbol_19;Symbol_2;Symbol_20;Symbol_21;Symbol_22;Symbol_23;Symbol_25;Symbol_26;Symbol_27;Symbol_28;Symbol_29;Symbol_3;Symbol_30;Symbol_31;Symbol_32;Symbol_4;Symbol_5;Symbol_6;Symbol_7;Symbol_8;Symbol_9
162,synthetic,val,111,Symbol_1;Symbol_10;Symbol_11;Symbol_12;Symbol_13;Symbol_14;Symbol_15;Symbol_16;Symbol_17;Symbol_18;Symbol_19;Symbol_2;Symbol_20;Symbol_21;Symbol_22;Symbol_23;Symbol_24;Symbol_25;Symbol_26;Symbol_27;Symbol_28;Symbol_29;Symbol_3;Symbol_30;Symbol_31;Symbol_32;Symbol_4;Symbol_5;Symbol_6;Symbol_7;Symbol_8;Symbol_9
163,synthetic,train,103,Symbol_1;Symbol_10;Symbol_11;Symbol_12;Symbol_14;Symbol_15;Symbol_16;Symbol_17;Symbol_18;Symbol_19;Symbol_2;Symbol_20;Symbol_21;Symbol_22;Symbol_23;Symbol_24;Symbol_25;Symbol_26;Symbol_27;Symbol_28;Symbol_29;Symbol_3;Symbol_30;Symbol_31;Symbol_32;Symbol_4;Symbol_5;Symbol_6;Symbol_8;Symbol_9
164,synthetic,train,107,Symbol_1;Symbol_10;Symbol_11;Symbol_12;Symbol_13;Symbol_14;Symbol_15;Symbol_16;Symbol_17;Symbol_18;Symbol_19;Symbol_2;Symbol_20;Symbol_21;Symbol_22;Symbol_23;Symbol_24;Symbol_26;Symbol_27;Symbol_28;Symbol_29;Symbol_3;Symbol_30;Symbol_31;Symbol_4;Symbol_5;Symbol_6;Symbol_7;Symbol_8;Symbol_9
165,synthetic,train,104,Symbol_1;Symbol_10;Symbol_11;Symbol_12;Symbol_13;Symbol_14;Symbol_15;Symbol_16;Symbol_17;Symbol_18;Symbol_19;Symbol_2;Symbol_20;Symbol_21;Symbol_22;Symbol_23;Symbol_24;Symbol_26;Symbol_27;Symbol_28;Symbol_29;Symbol_3;Symbol_30;Symbol_31;Symbol_32;Symbol_4;Symbol_5;Symbol_6;Symbol_7;Symbol_8;Symbol_9
166,synthetic,train,99,Symbol_1;Symbol_10;Symbol_11;Symbol_12;Symbol_13;Symbol_14;Symbol_15;Symbol_16;Symbol_17;Symbol_18;Symbol_19;Symbol_2;Symbol_20;Symbol_21;Symbol_22;Symbol_23;Symbol_24;Symbol_25;Symbol_26;Symbol_27;Symbol_28;Symbol_29;Symbol_3;Symbol_30;Symbol_31;Symbol_32;Symbol_4;Symbol_5;Symbol_7;Symbol_8;Symbol_9
167,synthetic,train,121,Symbol_1;Symbol_10;Symbol_11;Symbol_12;Symbol_13;Symbol_14;Symbol_15;Symbol_16;Symbol_17;Symbol_18;Symbol_19;Symbol_2;Symbol_20;Symbol_21;Symbol_22;Symbol_23;Symbol_25;Symbol_26;Symbol_27;Symbol_28;Symbol_29;Symbol_3;Symbol_30;Symbol_31;Symbol_32;Symbol_4;Symbol_5;Symbol_6;Symbol_7;Symbol_8;Symbol_9
168,synthetic,train,106,Symbol_1;Symbol_10;Symbol_11;Symbol_12;Symbol_13;Symbol_14;Symbol_15;Symbol_16;Symbol_17;Symbol_18;Symbol_19;Symbol_2;Symbol_20;Symbol_21;Symbol_22;Symbol_23;Symbol_24;Symbol_25;Symbol_26;Symbol_27;Symbol_28;Symbol_29;Symbol_3;Symbol_30;Symbol_31;Symbol_32;Symbol_4;Symbol_5;Symbol_6;Symbol_7;Symbol_8;Symbol_9
169,synthetic,train,94,Symbol_1;Symbol_11;Symbol_12;Symbol_13;Symbol_14;Symbol_15;Symbol_16;Symbol_17;Symbol_18;Symbol_2;Symbol_20;Symbol_21;Symbol_22;Symbol_23;Symbol_24;Symbol_25;Symbol_26;Symbol_27;Symbol_28;Symbol_29;Symbol_3;Symbol_30;Symbol_31;Symbol_32;Symbol_4;Symbol_6;Symbol_7;Symbol_8;Symbol_9
17,synthetic,val,86,Symbol_1;Symbol_10;Symbol_11;Symbol_12;Symbol_13;Symbol_14;Symbol_15;Symbol_16;Symbol_17;Symbol_18;Symbol_19;Symbol_2;Symbol_21;Symbol_22;Symbol_24;Symbol_25;Symbol_26;Symbol_27;Symbol_28;Symbol_29;Symbol_3;Symbol_31;Symbol_32;Symbol_4;Symbol_5;Symbol_6;Symbol_7;Symbol_8;Symbol_9
170,synthetic,train,110,Symbol_1;Symbol_10;Symbol_11;Symbol_12;Symbol_13;Symbol_14;Symbol_15;Symbol_16;Symbol_17;Symbol_18;Symbol_19;Symbol_20;Symbol_21;Symbol_22;Symbol_23;Symbol_24;Symbol_25;Symbol_26;Symbol_27;Symbol_28;Symbol_29;Symbol_3;Symbol_30;Symbol_31;Symbol_32;Symbol_4;Symbol_5;Symbol_6;Symbol_7;Symbol_9
171,synthetic,val,97,Symbol_1;Symbol_11;Symbol_12;Symbol_14;Symbol_15;Symbol_16;Symbol_17;Symbol_18;Symbol_19;Symbol_2;Symbol_20;Symbol_21;Symbol_22;Symbol_23;Symbol_24;Symbol_25;Symbol_26;Symbol_27;Symbol_28;Symbol_29;Symbol_3;Symbol_30;Symbol_31;Symbol_32;Symbol_4;Symbol_5;Symbol_6;Symbol_7;Symbol_8;Symbol_9
172,synthetic,train,109,Symbol_1;Symbol_10;Symbol_11;Symbol_12;Symbol_13;Symbol_14;Symbol_15;Symbol_16;Symbol_17;Symbol_18;Symbol_19;Symbol_2;Symbol_20;Symbol_21;Symbol_22;Symbol_23;Symbol_24;Symbol_25;Symbol_26;Symbol_27;Symbol_28;Symbol_29;Symbol_3;Symbol_30;Symbol_31;Symbol_32;Symbol_4;Symbol_5;Symbol_6;Symbol_7;Symbol_8;Symbol_9
173,synthetic,val,101,Symbol_10;Symbol_11;Symbol_12;Symbol_13;Symbol_14;Symbol_15;Symbol_16;Symbol_17;Symbol_18;Symbol_2;Symbol_20;Symbol_21;Symbol_22;Symbol_23;Symbol_24;Symbol_25;Symbol_26;Symbol_27;Symbol_28;Symbol_29;Symbol_3;Symbol_30;Symbol_31;Symbol_32;Symbol_4;Symbol_5;Symbol_6;Symbol_7;Symbol_8;Symbol_9
174,synthetic,train,108,Symbol_1;Symbol_10;Symbol_11;Symbol_12;Symbol_13;Symbol_14;Symbol_15;Symbol_16;Symbol_17;Symbol_18;Symbol_19;Symbol_2;Symbol_21;Symbol_22;Symbol_23;Symbol_24;Symbol_25;Symbol_26;Symbol_27;Symbol_28;Symbol_29;Symbol_30;Symbol_31;Symbol_32;Symbol_4;Symbol_5;Symbol_6;Symbol_7;Symbol_8;Symbol_9
175,synthetic,train,112,Symbol_1;Symbol_10;Symbol_11;Symbol_12;Symbol_14;Symbol_15;Symbol_16;Symbol_17;Symbol_18;Symbol_19;Symbol_2;Symbol_20;Symbol_21;Symbol_22;Symbol_24;Symbol_25;Symbol_26;Symbol_27;Symbol_28;Symbol_29;Symbol_3;Symbol_30;Symbol_31;Symbol_32;Symbol_4;Symbol_5;Symbol_6;Symbol_7;Symbol_8;Symbol_9
176,synthetic,train,76,Symbol_1;Symbol_10;Symbol_11;Symbol_12;Symbol_14;Symbol_15;Symbol_16;Symbol_17;Symbol_18;Symbol_2;Symbol_20;Symbol_21;Symbol_23;Symbol_24;Symbol_25;Symbol_26;Symbol_27;Symbol_28;Symbol_3;Symbol_30;Symbol_31;Symbol_32;Symbol_4;Symbol_5;Symbol_6;Symbol_7;Symbol_8;Symbol_9
177,synthetic,train,126,Symbol_1;Symbol_10;Symbol_11;Symbol_12;Symbol_13;Symbol_14;Symbol_15;Symbol_16;Symbol_17;Symbol_18;Symbol_19;Symbol_2;Symbol_20;Symbol_21;Symbol_22;Symbol_23;Symbol_24;Symbol_25;Symbol_26;Symbol_27;Symbol_28;Symbol_29;Symbol_3;Symbol_30;Symbol_31;Symbol_32;Symbol_4;Symbol_5;Symbol_6;Symbol_7;Symbol_8;Symbol_9
178,synthetic,train,111,Symbol_1;Symbol_10;Symbol_11;Symbol_12;Symbol_13;Symbol_14;Symbol_15;Symbol_16;Symbol_17;Symbol_18;Symbol_19;Symbol_2;Symbol_20;Symbol_21;Symbol_22;Symbol_23;Symbol_24;Symbol_25;Symbol_26;Symbol_27;Symbol_28;Symbol_29;Symbol_3;Symbol_30;Symbol_31;Symbol_32;Symbol_4;Symbol_5;Symbol_6;Symbol_7;Symbol_8;Symbol_9
179,synthetic,train,103,Symbol_1;Symbol_10;Symbol_11;Symbol_12;Symbol_13;Symbol_14;Symbol_15;Symbol_16;Symbol_17;Symbol_18;Symbol_19;Symbol_2;Symbol_20;Symbol_21;Symbol_22;Symbol_23;Symbol_24;Symbol_25;Symbol_26;Symbol_27;Symbol_28;Symbol_29;Symbol_3;Symbol_30;Symbol_31;Symbol_32;Symbol_4;Symbol_5;Symbol_7;Symbol_8
18,synthetic,train,97,Symbol_1;Symbol_10;Symbol_11;Symbol_12;Symbol_13;Symbol_14;Symbol_15;Symbol_16;Symbol_17;Symbol_18;Symbol_19;Symbol_2;Symbol_20;Symbol_21;Symbol_22;Symbol_24;Symbol_25;Symbol_26;Symbol_27;Symbol_28;Symbol_29;Symbol_3;Symbol_31;Symbol_32;Symbol_4;Symbol_5;Symbol_6;Symbol_8;Symbol_9
180,synthetic,train,131,Symbol_1;Symbol_10;Symbol_11;Symbol_12;Symbol_13;Symbol_14;Symbol_15;Symbol_16;Symbol_17;Symbol_18;Symbol_2;Symbol_20;Symbol_21;Symbol_22;Symbol_23;Symbol_24;Symbol_25;Symbol_26;Symbol_27;Symbol_28;Symbol_29;Symbol_3;Symbol_30;Symbol_31;Symbol_32;Symbol_4;Symbol_5;Symbol_6;Symbol_7;Symbol_8;Symbol_9
181,synthetic,train,115,Symbol_1;Symbol_10;Symbol_11;Symbol_12;Symbol_13;Symbol_14;Symbol_15;Symbol_16;Symbol_17;Symbol_18;Symbol_19;Symbol_2;Symbol_20;Symbol_21;Symbol_22;Symbol_23;Symbol_24;Symbol_25;Symbol_26;Symbol_27;Symbol_28;Symbol_29;Symbol_3;Symbol_30;Symbol_31;Symbol_32;Symbol_4;Symbol_5;Symbol_6;Symbol_7;Symbol_8;Symbol_9
182,synthetic,train,121,Symbol_1;Symbol_10;Symbol_11;Symbol_12;Symbol_13;Symbol_14;Symbol_15;Symbol_16;Symbol_19;Symbol_2;Symbol_20;Symbol_21;Symbol_22;Symbol_23;Symbol_24;Symbol_25;Symbol_26;Symbol_27;Symbol_28;Symbol_3;Symbol_30;Symbol_31;Symbol_32;Symbol_5;Symbol_6;Symbol_7;Symbol_8;Symbol_9
183,synthetic,train,132,Symbol_1;Symbol_10;Symbol_11;Symbol_12;Symbol_13;Symbol_14;Symbol_15;Symbol_16;Symbol_17;Symbol_18;Symbol_19;Symbol_2;Symbol_20;Symbol_21;Symbol_22;Symbol_23;Symbol_24;Symbol_25;Symbol_26;Symbol_27;Symbol_28;Symbol_29;Symbol_30;Symbol_31;Symbol_32;Symbol_4;Symbol_5;Symbol_6;Symbol_7;Symbol_8;Symbol_9
184,synthetic,train,122,Symbol_1;Symbol_10;Symbol_11;Symbol_12;Symbol_13;Symbol_14;Symbol_15;Symbol_16;Symbol_17;Symbol_18;Symbol_19;Symbol_2;Symbol_20;Symbol_21;Symbol_22;Symbol_23;Symbol_24;Symbol_25;Symbol_26;Symbol_27;Symbol_28;Symbol_29;Symbol_3;Symbol_30;Symbol_31;Symbol_32;Symbol_4;Symbol_5;Symbol_6;Symbol_7;Symbol_8;Symbol_9
185,synthetic,train,113,Symbol_1;Symbol_11;Symbol_12;Symbol_13;Symbol_14;Symbol_15;Symbol_16;Symbol_17;Symbol_18;Symbol_19;Symbol_2;Symbol_20;Symbol_21;Symbol_22;Symbol_23;Symbol_24;Symbol_25;Symbol_26;Symbol_27;Symbol_28;Symbol_29;Symbol_3;Symbol_30;Symbol_31;Symbol_32;Symbol_4;Symbol_5;Symbol_6;Symbol_7;Symbol_8;Symbol_9
186,synthetic,train,113,Symbol_1;Symbol_10;Symbol_11;Symbol_12;Symbol_13;Symbol_14;Symbol_15;Symbol_16;Symbol_17;Symbol_18;Symbol_19;Symbol_2;Symbol_20;Symbol_21;Symbol_22;Symbol_23;Symbol_24;Symbol_25;Symbol_26;Symbol_27;Symbol_28;Symbol_29;Symbol_3;Symbol_30;Symbol_31;Symbol_32;Symbol_4;Symbol_5;Symbol_6;Symbol_7;Symbol_8;Symbol_9
187,synthetic,val,132,Symbol_1;Symbol_10;Symbol_11;Symbol_12;Symbol_13;Symbol_14;Symbol_15;Symbol_16;Symbol_18;Symbol_19;Symbol_2;Symbol_20;Symbol_21;Symbol_22;Symbol_23;Symbol_24;Symbol_25;Symbol_26;Symbol_27;Symbol_28;Symbol_29;Symbol_3;Symbol_30;Symbol_31;Symbol_32;Symbol_4;Symbol_5;Symbol_6;Symbol_7;Symbol_8;Symbol_9
188,synthetic,train,120,Symbol_1;Symbol_10;Symbol_11;Symbol_12;Symbol_13;Symbol_14;Symbol_15;Symbol_16;Symbol_17;Symbol_18;Symbol_19;Symbol_2;Symbol_20;Symbol_21;Symbol_22;Symbol_23;Symbol_24;Symbol_26;Symbol_27;Symbol_28;Symbol_29;Symbol_30;Symbol_31;Symbol_32;Symbol_4;Symbol_5;Symbol_6;Symbol_7;Symbol_8;Symbol_9
189,synthetic,train,121,Symbol_1;Symbol_10;Symbol_11;Symbol_12;Symbol_13;Symbol_14;Symbol_15;Symbol_16;Symbol_17;Symbol_18;Symbol_19;Symbol_2;Symbol_20;Symbol_21;Symbol_22;Symbol_23;Symbol_24;Symbol_25;Symbol_26;Symbol_27;Symbol_28;Symbol_29;Symbol_3;Symbol_30;Symbol_31;Symbol_32;Symbol_4;Symbol_5;Symbol_6;Symbol_7;Symbol_8;Symbol_9
19,synthetic,val,121,Symbol_1;Symbol_10;Symbol_11;Symbol_12;Symbol_13;Symbol_14;Symbol_15;Symbol_16;Symbol_17;Symbol_18;Symbol_19;Symbol_2;Symbol_20;Symbol_21;Symbol_22;Symbol_23;Symbol_24;Symbol_25;Symbol_26;Symbol_27;Symbol_28;Symbol_29;Symbol_3;Symbol_30;Symbol_31;Symbol_32;Symbol_5;Symbol_6;Symbol_7;Symbol_8
190,synthetic,train,166,Symbol_1;Symbol_10;Symbol_11;Symbol_12;Symbol_13;Symbol_14;Symbol_15;Symbol_16;Symbol_17;Symbol_18;Symbol_19;Symbol_2;Symbol_20;Symbol_21;Symbol_22;Symbol_23;Symbol_24;Symbol_25;Symbol_26;Symbol_27;Symbol_28;Symbol_29;Symbol_3;Symbol_30;Symbol_31;Symbol_32;Symbol_4;Symbol_5;Symbol_6;Symbol_7;Symbol_8;Symbol_9
191,synthetic,train,172,Symbol_1;Symbol_10;Symbol_11;Symbol_12;Symbol_13;Symbol_14;Symbol_15;Symbol_16;Symbol_17;Symbol_18;Symbol_19;Symbol_2;Symbol_20;Symbol_21;Symbol_22;Symbol_23;Symbol_24;Symbol_25;Symbol_26;Symbol_27;Symbol_28;Symbol_29;Symbol_3;Symbol_30;Symbol_31;Symbol_32;Symbol_4;Symbol_5;Symbol_6;Symbol_7;Symbol_8;Symbol_9
192,synthetic,train,183,Symbol_1;Symbol_10;Symbol_11;Symbol_12;Symbol_13;Symbol_14;Symbol_15;Symbol_16;Symbol_17;Symbol_18;Symbol_19;Symbol_2;Symbol_20;Symbol_21;Symbol_22;Symbol_23;Symbol_24;Symbol_25;Symbol_26;Symbol_27;Symbol_28;Symbol_29;Symbol_3;Symbol_30;Symbol_31;Symbol_32;Symbol_4;Symbol_5;Symbol_6;Symbol_7;Symbol_8;Symbol_9
193,synthetic,train,160,Symbol_1;Symbol_10;Symbol_11;Symbol_12;Symbol_13;Symbol_14;Symbol_15;Symbol_16;Symbol_17;Symbol_18;Symbol_19;Symbol_2;Symbol_20;Symbol_21;Symbol_22;Symbol_23;Symbol_24;Symbol_25;Symbol_26;Symbol_27;Symbol_28;Symbol_29;Symbol_3;Symbol_30;Symbol_31;Symbol_32;Symbol_4;Symbol_5;Symbol_6;Symbol_7;Symbol_8;Symbol_9
194,synthetic,train,167,Symbol_1;Symbol_10;Symbol_11;Symbol_12;Symbol_13;Symbol_14;Symbol_16;Symbol_17;Symbol_18;Symbol_19;Symbol_2;Symbol_20;Symbol_21;Symbol_22;Symbol_23;Symbol_24;Symbol_25;Symbol_26;Symbol_27;Symbol_28;Symbol_29;Symbol_3;Symbol_30;Symbol_31;Symbol_32;Symbol_4;Symbol_5;Symbol_6;Symbol_7;Symbol_8;Symbol_9
195,synthetic,val,170,Symbol_1;Symbol_10;Symbol_11;Symbol_12;Symbol_13;Symbol_14;Symbol_15;Symbol_17;Symbol_18;Symbol_19;Symbol_2;Symbol_20;Symbol_21;Symbol_22;Symbol_23;Symbol_24;Symbol_25;Symbol_26;Symbol_27;Symbol_28;Symbol_29;Symbol_3;Symbol_30;Symbol_31;Symbol_32;Symbol_4;Symbol_5;Symbol_6;Symbol_7;Symbol_8;Symbol_9
196,synthetic,train,161,Symbol_1;Symbol_10;Symbol_11;Symbol_12;Symbol_13;Symbol_14;Symbol_15;Symbol_16;Symbol_17;Symbol_18;Symbol_19;Symbol_2;Symbol_20;Symbol_21;Symbol_22;Symbol_23;Symbol_24;Symbol_25;Symbol_26;Symbol_27;Symbol_28;Symbol_29;Symbol_3;Symbol_30;Symbol_31;Symbol_32;Symbol_4;Symbol_5;Symbol_6;Symbol_7;Symbol_8;Symbol_9
197,synthetic,train,196,Symbol_1;Symbol_10;Symbol_11;Symbol_12;Symbol_13;Symbol_14;Symbol_15;Symbol_16;Symbol_17;Symbol_18;Symbol_19;Symbol_2;Symbol_20;Symbol_21;Symbol_22;Symbol_23;Symbol_24;Symbol_25;Symbol_26;Symbol_27;Symbol_28;Symbol_29;Symbol_3;Symbol_30;Symbol_31;Symbol_32;Symbol_4;Symbol_5;Symbol_6;Symbol_7;Symbol_8;Symbol_9
198,synthetic,val,166,Symbol_1;Symbol_10;Symbol_11;Symbol_12;Symbol_13;Symbol_14;Symbol_15;Symbol_16;Symbol_17;Symbol_18;Symbol_19;Symbol_2;Symbol_20;Symbol_21;Symbol_22;Symbol_23;Symbol_24;Symbol_25;Symbol_26;Symbol_27;Symbol_28;Symbol_29;Symbol_3;Symbol_30;Symbol_31;Symbol_32;Symbol_4;Symbol_5;Symbol_6;Symbol_7;Symbol_8;Symbol_9
199,synthetic,val,163,Symbol_1;Symbol_10;Symbol_11;Symbol_12;Symbol_13;Symbol_14;Symbol_15;Symbol_16;Symbol_17;Symbol_18;Symbol_19;Symbol_2;Symbol_20;Symbol_21;Symbol_22;Symbol_23;Symbol_24;Symbol_25;Symbol_26;Symbol_27;Symbol_28;Symbol_29;Symbol_3;Symbol_30;Symbol_31;Symbol_32;Symbol_4;Symbol_5;Symbol_6;Symbol_7;Symbol_8;Symbol_9
2,synthetic,val,111,Symbol_1;Symbol_10;Symbol_11;Symbol_12;Symbol_13;Symbol_14;Symbol_15;Symbol_16;Symbol_17;Symbol_18;Symbol_2;Symbol_20;Symbol_21;Symbol_22;Symbol_23;Symbol_24;Symbol_25;Symbol_26;Symbol_27;Symbol_28;Symbol_29;Symbol_3;Symbol_30;Symbol_31;Symbol_32;Symbol_4;Symbol_5;Symbol_6;Symbol_7;Symbol_9
20,synthetic,train,139,Symbol_1;Symbol_10;Symbol_11;Symbol_12;Symbol_13;Symbol_14;Symbol_15;Symbol_16;Symbol_17;Symbol_18;Symbol_19;Symbol_2;Symbol_20;Symbol_21;Symbol_22;Symbol_23;Symbol_24;Symbol_25;Symbol_26;Symbol_27;Symbol_28;Symbol_29;Symbol_3;Symbol_30;Symbol_31;Symbol_32;Symbol_5;Symbol_6;Symbol_7;Symbol_8;Symbol_9
200,synthetic,val,110,Symbol_1;Symbol_10;Symbol_11;Symbol_13;Symbol_14;Symbol_15;Symbol_16;Symbol_17;Symbol_18;Symbol_19;Symbol_2;Symbol_20;Symbol_21;Symbol_22;Symbol_23;Symbol_24;Symbol_25;Symbol_26;Symbol_27;Symbol_28;Symbol_29;Symbol_3;Symbol_31;Symbol_32;Symbol_4;Symbol_5;Symbol_6;Symbol_7;Symbol_8;Symbol_9
201,synthetic,train,131,Symbol_1;Symbol_10;Symbol_11;Symbol_12;Symbol_13;Symbol_14;Symbol_15;Symbol_16;Symbol_17;Symbol_18;Symbol_19;Symbol_2;Symbol_20;Symbol_21;Symbol_22;Symbol_23;Symbol_24;Symbol_25;Symbol_26;Symbol_27;Symbol_28;Symbol_29;Symbol_3;Symbol_30;Symbol_31;Symbol_32;Symbol_4;Symbol_5;Symbol_6;Symbol_7;Symbol_8;Symbol_9
202,synthetic,val,112,Symbol_1;Symbol_10;Symbol_11;Symbol_12;Symbol_13;Symbol_14;Symbol_15;Symbol_16;Symbol_17;Symbol_18;Symbol_19;Symbol_2;Symbol_20;Symbol_21;Symbol_22;Symbol_23;Symbol_24;Symbol_25;Symbol_26;Symbol_27;Symbol_28;Symbol_29;Symbol_3;Symbol_30;Symbol_31;Symbol_32;Symbol_4;Symbol_5;Symbol_6;Symbol_7;Symbol_8;Symbol_9
203,synthetic,train,93,Symbol_1;Symbol_11;Symbol_12;Symbol_13;Symbol_14;Symbol_15;Symbol_16;Symbol_17;Symbol_18;Symbol_2;Symbol_20;Symbol_21;Symbol_22;Symbol_23;Symbol_24;Symbol_26;Symbol_27;Symbol_28;Symbol_29;Symbol_3;Symbol_30;Symbol_31;Symbol_32;Symbol_4;Symbol_5;Symbol_6;Symbol_7;Symbol_8;Symbol_9
204,synthetic,train,106,Symbol_1;Symbol_10;Symbol_11;Symbol_12;Symbol_13;Symbol_14;Symbol_16;Symbol_17;Symbol_18;Symbol_19;Symbol_2;Symbol_20;Symbol_21;Symbol_22;Symbol_23;Symbol_24;Symbol_25;Symbol_26;Symbol_27;Symbol_28;Symbol_29;Symbol_3;Symbol_30;Symbol_31;Symbol_32;Symbol_4;Symbol_5;Symbol_6;Symbol_7;Symbol_8;Symbol_9
205,synthetic,val,99,Symbol_1;Symbol_10;Symbol_11;Symbol_12;Symbol_13;Symbol_15;Symbol_16;Symbol_17;Symbol_18;Symbol_19;Symbol_2;Symbol_20;Symbol_21;Symbol_22;Symbol_23;Symbol_24;Symbol_25;Symbol_26;Symbol_27;Symbol_28;Symbol_29;Symbol_3;Symbol_30;Symbol_32;Symbol_4;Symbol_5;Symbol_6;Symbol_7;Symbol_8;Symbol_9
206,synthetic,train,120,Symbol_1;Symbol_10;Symbol_11;Symbol_12;Symbol_13;Symbol_14;Symbol_15;Symbol_16;Symbol_17;Symbol_18;Symbol_19;Symbol_2;Symbol_20;Symbol_21;Symbol_22;Symbol_23;Symbol_24;Symbol_25;Symbol_26;Symbol_27;Symbol_28;Symbol_29;Symbol_3;Symbol_30;Symbol_31;Symbol_32;Symbol_4;Symbol_5;Symbol_6;Symbol_7;Symbol_8;Symbol_9
207,synthetic,train,103,Symbol_10;Symbol_11;Symbol_12;Symbol_13;Symbol_14;Symbol_15;Symbol_16;Symbol_18;Symbol_19;Symbol_2;Symbol_20;Symbol_21;Symbol_22;Symbol_23;Symbol_24;Symbol_25;Symbol_26;Symbol_28;Symbol_29;Symbol_3;Symbol_30;Symbol_31;Symbol_32;Symbol_4;Symbol_5;Symbol_6;Symbol_7;Symbol_8;Symbol_9
208,synthetic,train,102,Symbol_1;Symbol_10;Symbol_11;Symbol_12;Symbol_13;Symbol_14;Symbol_15;Symbol_16;Symbol_17;Symbol_18;Symbol_19;Symbol_2;Symbol_21;Symbol_22;Symbol_23;Symbol_24;Symbol_25;Symbol_26;Symbol_27;Symbol_28;Symbol_29;Symbol_3;Symbol_30;Symbol_31;Symbol_4;Symbol_5;Symbol_6;Symbol_7;Symbol_8;Symbol_9
209,synthetic,train,115,Symbol_1;Symbol_10;Symbol_11;Symbol_12;Symbol_13;Symbol_14;Symbol_15;Symbol_16;Symbol_17;Symbol_18;Symbol_19;Symbol_2;Symbol_20;Symbol_21;Symbol_22;Symbol_23;Symbol_24;Symbol_25;Symbol_26;Symbol_27;Symbol_28;Symbol_29;Symbol_3;Symbol_30;Symbol_31;Symbol_32;Symbol_4;Symbol_5;Symbol_6;Symbol_7;Symbol_8;Symbol_9
21,synthetic,train,123,Symbol_1;Symbol_10;Symbol_11;Symbol_13;Symbol_14;Symbol_15;Symbol_16;Symbol_17;Symbol_18;Symbol_19;Symbol_2;Symbol_20;Symbol_21;Symbol_22;Symbol_23;Symbol_24;Symbol_25;Symbol_26;Symbol_27;Symbol_28;Symbol_29;Symbol_3;Symbol_30;Symbol_31;Symbol_32;Symbol_4;Symbol_5;Symbol_6;Symbol_7;Symbol_8;Symbol_9
210,synthetic,val,108,Symbol_1;Symbol_10;Symbol_11;Symbol_12;Symbol_13;Symbol_14;Symbol_15;Symbol_16;Symbol_17;Symbol_18;Symbol_19;Symbol_2;Symbol_20;Symbol_21;Symbol_22;Symbol_23;Symbol_24;Symbol_25;Symbol_26;Symbol_27;Symbol_28;Symbol_29;Symbol_3;Symbol_30;Symbol_31;Symbol_4;Symbol_5;Symbol_6;Symbol_7;Symbol_8
211,synthetic,train,103,Symbol_1;Symbol_10;Symbol_11;Symbol_12;Symbol_13;Symbol_14;Symbol_15;Symbol_16;Symbol_17;Symbol_18;Symbol_19;Symbol_2;Symbol_20;Symbol_21;Symbol_22;Symbol_23;Symbol_25;Symbol_26;Symbol_27;Symbol_28;Symbol_29;Symbol_3;Symbol_30;Symbol_31;Symbol_32;Symbol_4;Symbol_5;Symbol_6;Symbol_7;Symbol_8;Symbol_9
212,synthetic,train,97,Symbol_1;Symbol_10;Symbol_11;Symbol_12;Symbol_13;Symbol_14;Symbol_15;Symbol_16;Symbol_18;Symbol_19;Symbol_2;Symbol_20;Symbol_21;Symbol_22;Symbol_23;Symbol_24;Symbol_25;Symbol_26;Symbol_27;Symbol_28;Symbol_29;Symbol_3;Symbol_30;Symbol_31;Symbol_32;Symbol_4;Symbol_5;Symbol_6;Symbol_8;Symbol_9
213,synthetic,train,113,Symbol_1;Symbol_10;Symbol_11;Symbol_12;Symbol_13;Symbol_14;Symbol_15;Symbol_16;Symbol_17;Symbol_18;Symbol_19;Symbol_2;Symbol_20;Symbol_21;Symbol_22;Symbol_23;Symbol_24;Symbol_25;Symbol_26;Symbol_27;Symbol_28;Symbol_29;Symbol_3;Symbol_30;Symbol_31;Symbol_32;Symbol_4;Symbol_6;Symbol_7;Symbol_8;Symbol_9
214,synthetic,train,90,Symbol_1;Symbol_10;Symbol_11;Symbol_12;Symbol_13;Symbol_14;Symbol_15;Symbol_16;Symbol_17;Symbol_18;Symbol_19;Symbol_2;Symbol_20;Symbol_21;Symbol_22;Symbol_23;Symbol_24;Symbol_25;Symbol_26;Symbol_27;Symbol_28;Symbol_29;Symbol_3;Symbol_30;Symbol_31;Symbol_32;Symbol_4;Symbol_5;Symbol_6;Symbol_7;Symbol_8
215,synthetic,train,95,Symbol_1;Symbol_10;Symbol_11;Symbol_12;Symbol_13;Symbol_14;Symbol_15;Symbol_16;Symbol_17;Symbol_18;Symbol_19;Symbol_2;Symbol_20;Symbol_21;Symbol_22;Symbol_23;Symbol_24;Symbol_25;Symbol_26;Symbol_27;Symbol_28;Symbol_3;Symbol_30;Symbol_31;Symbol_32;Symbol_4;Symbol_5;Symbol_6;Symbol_7;Symbol_8
216,synthetic,train,113,Symbol_1;Symbol_10;Symbol_11;Symbol_12;Symbol_14;Symbol_15;Symbol_16;Symbol_17;Symbol_18;Symbol_19;Symbol_2;Symbol_20;Symbol_21;Symbol_22;Symbol_23;Symbol_24;Symbol_25;Symbol_26;Symbol_27;Symbol_28;Symbol_29;Symbol_3;Symbol_30;Symbol_31;Symbol_32;Symbol_4;Symbol_5;Symbol_6;Symbol_7;Symbol_8;Symbol_9
217,synthetic,train,92,Symbol_1;Symbol_10;Symbol_11;Symbol_12;Symbol_13;Symbol_14;Symbol_15;Symbol_16;Symbol_18;Symbol_19;Symbol_2;Symbol_20;Symbol_21;Symbol_22;Symbol_23;Symbol_24;Symbol_25;Symbol_27;Symbol_28;Symbol_29;Symbol_3;Symbol_30;Symbol_31;Symbol_32;Symbol_4;Symbol_5;Symbol_6;Symbol_7;Symbol_8;Symbol_9
218,synthetic,train,99,Symbol_1;Symbol_10;Symbol_11;Symbol_12;Symbol_14;Symbol_15;Symbol_16;Symbol_17;Symbol_18;Symbol_19;Symbol_2;Symbol_20;Symbol_21;Symbol_22;Symbol_23;Symbol_24;Symbol_26;Symbol_27;Symbol_28;Symbol_29;Symbol_3;Symbol_31;Symbol_32;Symbol_4;Symbol_5;Symbol_6;Symbol_7;Symbol_8;Symbol_9
219,synthetic,train,78,Symbol_1;Symbol_10;Symbol_13;Symbol_14;Symbol_15;Symbol_16;Symbol_17;Symbol_18;Symbol_19;Symbol_21;Symbol_22;Symbol_23;Symbol_24;Symbol_25;Symbol_26;Symbol_27;Symbol_28;Symbol_29;Symbol_3;Symbol_30;Symbol_31;Symbol_32;Symbol_4;Symbol_5;Symbol_6;Symbol_7;Symbol_8;Symbol_9
22,synthetic,val,108,Symbol_1;Symbol_10;Symbol_11;Symbol_13;Symbol_14;Symbol_15;Symbol_16;Symbol_17;Symbol_18;Symbol_19;Symbol_2;Symbol_20;Symbol_21;Symbol_22;Symbol_23;Symbol_24;Symbol_25;Symbol_26;Symbol_27;Symbol_28;Symbol_29;Symbol_3;Symbol_30;Symbol_31;Symbol_32;Symbol_5;Symbol_6;Symbol_7;Symbol_9
220,synthetic,val,123,Symbol_1;Symbol_10;Symbol_11;Symbol_12;Symbol_13;Symbol_14;Symbol_15;Symbol_16;Symbol_17;Symbol_18;Symbol_19;Symbol_2;Symbol_20;Symbol_21;Symbol_22;Symbol_23;Symbol_24;Symbol_25;Symbol_26;Symbol_27;Symbol_28;Symbol_29;Symbol_3;Symbol_30;Symbol_31;Symbol_32;Symbol_4;Symbol_5;Symbol_6;Symbol_7;Symbol_8;Symbol_9
221,synthetic,train,115,Symbol_1;Symbol_10;Symbol_11;Symbol_12;Symbol_13;Symbol_14;Symbol_15;Symbol_16;Symbol_17;Symbol_18;Symbol_19;Symbol_2;Symbol_20;Symbol_21;Symbol_22;Symbol_23;Symbol_24;Symbol_25;Symbol_26;Symbol_27;Symbol_28;Symbol_29;Symbol_3;Symbol_30;Symbol_32;Symbol_4;Symbol_5;Symbol_6;Symbol_7;Symbol_8;Symbol_9
222,synthetic,train,118,Symbol_1;Symbol_10;Symbol_11;Symbol_12;Symbol_13;Symbol_14;Symbol_15;Symbol_16;Symbol_17;Symbol_18;Symbol_19;Symbol_2;Symbol_20;Symbol_21;Symbol_22;Symbol_23;Symbol_24;Symbol_25;Symbol_26;Symbol_27;Symbol_28;Symbol_29;Symbol_3;Symbol_30;Symbol_31;Symbol_32;Symbol_4;Symbol_5;Symbol_6;Symbol_8;Symbol_9
223,synthetic,train,117,Symbol_1;Symbol_10;Symbol_11;Symbol_12;Symbol_13;Symbol_14;Symbol_15;Symbol_16;Symbol_17;Symbol_18;Symbol_19;Symbol_2;Symbol_20;Symbol_21;Symbol_22;Symbol_23;Symbol_24;Symbol_25;Symbol_26;Symbol_27;Symbol_28;Symbol_29;Symbol_3;Symbol_30;Symbol_31;Symbol_32;Symbol_4;Symbol_5;Symbol_6;Symbol_7;Symbol_8;Symbol_9
224,synthetic,val,123,Symbol_1;Symbol_10;Symbol_11;Symbol_12;Symbol_13;Symbol_14;Symbol_15;Symbol_16;Symbol_17;Symbol_18;Symbol_19;Symbol_2;Symbol_20;Symbol_21;Symbol_22;Symbol_23;Symbol_24;Symbol_25;Symbol_26;Symbol_27;Symbol_28;Symbol_29;Symbol_3;Symbol_30;Symbol_31;Symbol_32;Symbol_4;Symbol_5;Symbol_6;Symbol_7;Symbol_8;Symbol_9
225,synthetic,train,126,Symbol_10;Symbol_11;Symbol_12;Symbol_13;Symbol_14;Symbol_15;Symbol_16;Symbol_17;Symbol_18;Symbol_19;Symbol_2;Symbol_20;Symbol_21;Symbol_22;Symbol_23;Symbol_24;Symbol_25;Symbol_26;Symbol_27;Symbol_28;Symbol_29;Symbol_3;Symbol_30;Symbol_31;Symbol_32;Symbol_4;Symbol_5;Symbol_6;Symbol_7;Symbol_8;Symbol_9
226,synthetic,val,133,Symbol_1;Symbol_10;Symbol_11;Symbol_12;Symbol_13;Symbol_14;Symbol_15;Symbol_16;Symbol_17;Symbol_18;Symbol_19;Symbol_2;Symbol_20;Symbol_21;Symbol_22;Symbol_23;Symbol_24;Symbol_25;Symbol_26;Symbol_27;Symbol_28;Symbol_29;Symbol_3;Symbol_30;Symbol_31;Symbol_32;Symbol_4;Symbol_5;Symbol_6;Symbol_7;Symbol_8;Symbol_9
227,synthetic,train,109,Symbol_1;Symbol_10;Symbol_11;Symbol_12;Symbol_13;Symbol_14;Symbol_15;Symbol_16;Symbol_17;Symbol_18;Symbol_19;Symbol_2;Symbol_20;Symbol_21;Symbol_23;Symbol_24;Symbol_25;Symbol_26;Symbol_27;Symbol_28;Symbol_29;Symbol_30;Symbol_31;Symbol_32;Symbol_4;Symbol_5;Symbol_6;Symbol_7;Symbol_8;Symbol_9
228,synthetic,train,131,Symbol_1;Symbol_10;Symbol_11;Symbol_12;Symbol_13;Symbol_14;Symbol_15;Symbol_16;Symbol_17;Symbol_18;Symbol_19;Symbol_2;Symbol_20;Symbol_21;Symbol_22;Symbol_23;Symbol_24;Symbol_25;Symbol_26;Symbol_27;Symbol_28;Symbol_29;Symbol_3;Symbol_30;Symbol_31;Symbol_32;Symbol_4;Symbol_5;Symbol_6;Symbol_7;Symbol_8;Symbol_9
229,synthetic,train,120,Symbol_1;Symbol_10;Symbol_11;Symbol_12;Symbol_13;Symbol_14;Symbol_15;Symbol_16;Symbol_17;Symbol_18;Symbol_19;Symbol_2;Symbol_20;Symbol_21;Symbol_22;Symbol_23;Symbol_24;Symbol_25;Symbol_26;Symbol_27;Symbol_28;Symbol_29;Symbol_3;Symbol_30;Symbol_31;Symbol_32;Symbol_4;Symbol_5;Symbol_6;Symbol_7;Symbol_8;Symbol_9
23,synthetic,train,100,Symbol_1;Symbol_10;Symbol_11;Symbol_12;Symbol_13;Symbol_14;Symbol_16;Symbol_17;Symbol_18;Symbol_19;Symbol_2;Symbol_20;Symbol_21;Symbol_22;Symbol_23;Symbol_24;Symbol_25;Symbol_26;Symbol_27;Symbol_28;Symbol_29;Symbol_3;Symbol_30;Symbol_31;Symbol_32;Symbol_4;Symbol_5;Symbol_6;Symbol_7;Symbol_8;Symbol_9
230,synthetic,train,192,Symbol_1;Symbol_10;Symbol_11;Symbol_12;Symbol_13;Symbol_14;Symbol_15;Symbol_16;Symbol_17;Symbol_18;Symbol_19;Symbol_2;Symbol_20;Symbol_21;Symbol_22;Symbol_23;Symbol_24;Symbol_25;Symbol_26;Symbol_27;Symbol_28;Symbol_29;Symbol_3;Symbol_30;Symbol_31;Symbol_32;Symbol_4;Symbol_5;Symbol_6;Symbol_7;Symbol_8;Symbol_9
231,synthetic,val,162,Symbol_1;Symbol_10;Symbol_11;Symbol_12;Symbol_13;Symbol_14;Symbol_15;Symbol_16;Symbol_17;Symbol_18;Symbol_19;Symbol_2;Symbol_20;Symbol_21;Symbol_22;Symbol_23;Symbol_24;Symbol_25;Symbol_26;Symbol_27;Symbol_28;Symbol_29;Symbol_3;Symbol_30;Symbol_31;Symbol_32;Symbol_4;Symbol_5;Symbol_6;Symbol_7;Symbol_8;Symbol_9
232,synthetic,train,170,Symbol_1;Symbol_10;Symbol_11;Symbol_12;Symbol_13;Symbol_14;Symbol_15;Symbol_16;Symbol_17;Symbol_18;Symbol_19;Symbol_2;Symbol_20;Symbol_21;Symbol_22;Symbol_23;Symbol_24;Symbol_25;Symbol_26;Symbol_27;Symbol_28;Symbol_29;Symbol_3;Symbol_30;Symbol_31;Symbol_4;Symbol_7;Symbol_8;Symbol_9
233,synthetic,val,182,Symbol_1;Symbol_10;Symbol_11;Symbol_12;Symbol_13;Symbol_14;Symbol_15;Symbol_16;Symbol_17;Symbol_18;Symbol_19;Symbol_2;Symbol_20;Symbol_21;Symbol_22;Symbol_23;Symbol_24;Symbol_25;Symbol_26;Symbol_27;Symbol_28;Symbol_29;Symbol_3;Symbol_30;Symbol_31;Symbol_32;Symbol_4;Symbol_5;Symbol_6;Symbol_7;Symbol_8;Symbol_9
234,synthetic,train,157,Symbol_1;Symbol_10;Symbol_12;Symbol_13;Symbol_14;Symbol_15;Symbol_16;Symbol_17;Symbol_18;Symbol_19;Symbol_2;Symbol_20;Symbol_21;Symbol_22;Symbol_23;Symbol_24;Symbol_25;Symbol_26;Symbol_27;Symbol_28;Symbol_29;Symbol_3;Symbol_30;Symbol_31;Symbol_32;Symbol_4;Symbol_5;Symbol_6;Symbol_7;Symbol_8;Symbol_9
235,synthetic,train,149,Symbol_1;Symbol_10;Symbol_11;Symbol_12;Symbol_13;Symbol_14;Symbol_15;Symbol_16;Symbol_17;Symbol_18;Symbol_19;Symbol_2;Symbol_20;Symbol_21;Symbol_22;Symbol_23;Symbol_24;Symbol_25;Symbol_26;Symbol_27;Symbol_28;Symbol_29;Symbol_3;Symbol_30;Symbol_31;Symbol_32;Symbol_4;Symbol_5;Symbol_6;Symbol_7;Symbol_8;Symbol_9
236,synthetic,train,158,Symbol_1;Symbol_10;Symbol_11;Symbol_13;Symbol_14;Symbol_15;Symbol_16;Symbol_17;Symbol_18;Symbol_19;Symbol_2;Symbol_20;Symbol_21;Symbol_22;Symbol_23;Symbol_24;Symbol_25;Symbol_26;Symbol_27;Symbol_28;Symbol_29;Symbol_3;Symbol_30;Symbol_31;Symbol_32;Symbol_4;Symbol_5;Symbol_6;Symbol_7;Symbol_8;Symbol_9
237,synthetic,train,154,Symbol_1;Symbol_10;Symbol_11;Symbol_12;Symbol_13;Symbol_14;Symbol_15;Symbol_16;Symbol_17;Symbol_18;Symbol_19;Symbol_2;Symbol_20;Symbol_21;Symbol_22;Symbol_23;Symbol_24;Symbol_25;Symbol_26;Symbol_27;Symbol_28;Symbol_29;Symbol_3;Symbol_30;Symbol_31;Symbol_32;Symbol_4;Symbol_5;Symbol_6;Symbol_7;Symbol_8;Symbol_9
238,synthetic,train,153,Symbol_1;Symbol_10;Symbol_11;Symbol_12;Symbol_13;Symbol_14;Symbol_15;Symbol_16;Symbol_17;Symbol_18;Symbol_19;Symbol_2;Symbol_20;Symbol_21;Symbol_22;Symbol_23;Symbol_24;Symbol_25;Symbol_26;Symbol_27;Symbol_28;Symbol_29;Symbol_3;Symbol_30;Symbol_31;Symbol_32;Symbol_4;Symbol_5;Symbol_6;Symbol_7;Symbol_8;Symbol_9
239,synthetic,train,147,Symbol_1;Symbol_10;Symbol_11;Symbol_12;Symbol_13;Symbol_14;Symbol_15;Symbol_16;Symbol_17;Symbol_18;Symbol_19;Symbol_2;Symbol_20;Symbol_21;Symbol_22;Symbol_23;Symbol_24;Symbol_25;Symbol_26;Symbol_27;Symbol_28;Symbol_29;Symbol_3;Symbol_30;Symbol_31;Symbol_32;Symbol_4;Symbol_5;Symbol_6;Symbol_7;Symbol_8;Symbol_9
24,synthetic,train,123,Symbol_1;Symbol_10;Symbol_11;Symbol_12;Symbol_13;Symbol_14;Symbol_15;Symbol_16;Symbol_17;Symbol_18;Symbol_19;Symbol_2;Symbol_20;Symbol_21;Symbol_22;Symbol_24;Symbol_25;Symbol_26;Symbol_27;Symbol_28;Symbol_29;Symbol_3;Symbol_30;Symbol_31;Symbol_32;Symbol_4;Symbol_5;Symbol_6;Symbol_7;Symbol_8;Symbol_9
240,synthetic,train,111,Symbol_1;Symbol_10;Symbol_11;Symbol_12;Symbol_13;Symbol_14;Symbol_15;Symbol_16;Symbol_17;Symbol_18;Symbol_19;Symbol_2;Symbol_20;Symbol_21;Symbol_22;Symbol_23;Symbol_24;Symbol_25;Symbol_26;Symbol_27;Symbol_28;Symbol_29;Symbol_3;Symbol_31;Symbol_32;Symbol_4;Symbol_6;Symbol_7;Symbol_8;Symbol_9
241,synthetic,train,122,Symbol_1;Symbol_10;Symbol_11;Symbol_12;Symbol_13;Symbol_14;Symbol_15;Symbol_16;Symbol_17;Symbol_18;Symbol_19;Symbol_2;Symbol_20;Symbol_21;Symbol_22;Symbol_23;Symbol_24;Symbol_25;Symbol_26;Symbol_27;Symbol_28;Symbol_29;Symbol_3;Symbol_30;Symbol_31;Symbol_32;Symbol_4;Symbol_5;Symbol_6;Symbol_7;Symbol_8;Symbol_9
242,synthetic,train,104,Symbol_1;Symbol_10;Symbol_11;Symbol_12;Symbol_13;Symbol_14;Symbol_15;Symbol_16;Symbol_17;Symbol_18;Symbol_19;Symbol_2;Symbol_20;Symbol_21;Symbol_22;Symbol_23;Symbol_24;Symbol_25;Symbol_26;Symbol_27;Symbol_28;Symbol_29;Symbol_3;Symbol_30;Symbol_31;Symbol_32;Symbol_4;Symbol_5;Symbol_6;Symbol_7;Symbol_8;Symbol_9
243,synthetic,train,102,Symbol_1;Symbol_10;Symbol_11;Symbol_12;Symbol_13;Symbol_14;Symbol_15;Symbol_16;Symbol_17;Symbol_18;Symbol_19;Symbol_2;Symbol_20;Symbol_21;Symbol_22;Symbol_23;Symbol_24;Symbol_25;Symbol_26;Symbol_27;Symbol_28;Symbol_29;Symbol_3;Symbol_30;Symbol_31;Symbol_32;Symbol_4;Symbol_5;Symbol_6;Symbol_7;Symbol_8;Symbol_9
244,synthetic,train,101,Symbol_1;Symbol_10;Symbol_11;Symbol_12;Symbol_13;Symbol_14;Symbol_15;Symbol_16;Symbol_17;Symbol_18;Symbol_19;Symbol_20;Symbol_21;Symbol_22;Symbol_23;Symbol_24;Symbol_25;Symbol_26;Symbol_27;Symbol_28;Symbol_29;Symbol_3;Symbol_30;Symbol_31;Symbol_32;Symbol_4;Symbol_5;Symbol_6;Symbol_7;Symbol_8;Symbol_9
245,synthetic,train,104,Symbol_1;Symbol_10;Symbol_11;Symbol_12;Symbol_13;Symbol_14;Symbol_15;Symbol_16;Symbol_17;Symbol_18;Symbol_19;Symbol_2;Symbol_20;Symbol_21;Symbol_22;Symbol_23;Symbol_24;Symbol_25;Symbol_26;Symbol_27;Symbol_28;Symbol_29;Symbol_3;Symbol_30;Symbol_31;Symbol_32;Symbol_4;Symbol_5;Symbol_6;Symbol_7;Symbol_8;Symbol_9
246,synthetic,train,93,Symbol_1;Symbol_10;Symbol_11;Symbol_12;Symbol_13;Symbol_14;Symbol_15;Symbol_16;Symbol_17;Symbol_18;Symbol_19;Symbol_2;Symbol_20;Symbol_21;Symbol_23;Symbol_24;Symbol_25;Symbol_26;Symbol_27;Symbol_28;Symbol_29;Symbol_3;Symbol_30;Symbol_31;Symbol_32;Symbol_4;Symbol_5;Symbol_6;Symbol_7;Symbol_8;Symbol_9
247,synthetic,train,92,Symbol_1;Symbol_10;Symbol_11;Symbol_12;Symbol_13;Symbol_15;Symbol_17;Symbol_18;Symbol_19;Symbol_2;Symbol_20;Symbol_21;Symbol_22;Symbol_23;Symbol_24;Symbol_26;Symbol_27;Symbol_28;Symbol_29;Symbol_3;Symbol_30;Symbol_31;Symbol_32;Symbol_4;Symbol_5;Symbol_6;Symbol_7;Symbol_8;Symbol_9
248,synthetic,train,115,Symbol_1;Symbol_10;Symbol_11;Symbol_12;Symbol_13;Symbol_14;Symbol_15;Symbol_16;Symbol_17;Symbol_18;Symbol_19;Symbol_2;Symbol_20;Symbol_21;Symbol_22;Symbol_23;Symbol_24;Symbol_25;Symbol_26;Symbol_27;Symbol_28;Symbol_29;Symbol_3;Symbol_30;Symbol_31;Symbol_32;Symbol_4;Symbol_5;Symbol_6;Symbol_7;Symbol_8;Symbol_9
249,synthetic,train,113,Symbol_1;Symbol_10;Symbol_11;Symbol_12;Symbol_13;Symbol_14;Symbol_15;Symbol_16;Symbol_17;Symbol_18;Symbol_19;Symbol_2;Symbol_20;Symbol_21;Symbol_22;Symbol_23;Symbol_24;Symbol_25;Symbol_26;Symbol_27;Symbol_28;Symbol_3;Symbol_30;Symbol_31;Symbol_4;Symbol_5;Symbol_6;Symbol_7;Symbol_8;Symbol_9
25,synthetic,train,110,Symbol_1;Symbol_10;Symbol_12;Symbol_13;Symbol_14;Symbol_15;Symbol_16;Symbol_17;Symbol_18;Symbol_19;Symbol_2;Symbol_21;Symbol_22;Symbol_23;Symbol_24;Symbol_25;Symbol_26;Symbol_27;Symbol_28;Symbol_29;Symbol_3;Symbol_30;Symbol_31;Symbol_32;Symbol_4;Symbol_5;Symbol_6;Symbol_7;Symbol_8;Symbol_9
250,synthetic,train,109,Symbol_1;Symbol_10;Symbol_11;Symbol_12;Symbol_13;Symbol_14;Symbol_15;Symbol_16;Symbol_17;Symbol_18;Symbol_19;Symbol_2;Symbol_20;Symbol_21;Symbol_22;Symbol_23;Symbol_24;Symbol_25;Symbol_26;Symbol_27;Symbol_28;Symbol_29;Symbol_3;Symbol_30;Symbol_31;Symbol_32;Symbol_4;Symbol_6;Symbol_7;Symbol_8;Symbol_9
251,synthetic,train,100,Symbol_1;Symbol_10;Symbol_11;Symbol_12;Symbol_13;Symbol_14;Symbol_15;Symbol_16;Symbol_17;Symbol_18;Symbol_19;Symbol_2;Symbol_20;Symbol_21;Symbol_22;Symbol_23;Symbol_24;Symbol_25;Symbol_26;Symbol_27;Symbol_28;Symbol_29;Symbol_3;Symbol_30;Symbol_31;Symbol_32;Symbol_4;Symbol_5;Symbol_6;Symbol_7;Symbol_8;Symbol_9
252,synthetic,train,106,Symbol_1;Symbol_10;Symbol_11;Symbol_12;Symbol_13;Symbol_14;Symbol_15;Symbol_16;Symbol_17;Symbol_18;Symbol_19;Symbol_2;Symbol_20;Symbol_21;Symbol_22;Symbol_23;Symbol_24;Symbol_25;Symbol_26;Symbol_27;Symbol_28;Symbol_29;Symbol_3;Symbol_30;Symbol_31;Symbol_32;Symbol_4;Symbol_5;Symbol_6;Symbol_7;Symbol_8;Symbol_9
253,synthetic,val,109,Symbol_1;Symbol_10;Symbol_11;Symbol_12;Symbol_13;Symbol_14;Symbol_15;Symbol_16;Symbol_17;Symbol_18;Symbol_19;Symbol_2;Symbol_20;Symbol_21;Symbol_22;Symbol_23;Symbol_24;Symbol_25;Symbol_26;Symbol_27;Symbol_28;Symbol_29;Symbol_3;Symbol_30;Symbol_31;Symbol_32;Symbol_4;Symbol_5;Symbol_6;Symbol_7;Symbol_9
254,synthetic,train,116,Symbol_1;Symbol_10;Symbol_11;Symbol_12;Symbol_13;Symbol_14;Symbol_15;Symbol_16;Symbol_17;Symbol_18;Symbol_2;Symbol_20;Symbol_21;Symbol_22;Symbol_23;Symbol_24;Symbol_26;Symbol_27;Symbol_28;Symbol_29;Symbol_3;Symbol_30;Symbol_31;Symbol_32;Symbol_4;Symbol_5;Symbol_6;Symbol_7;Symbol_8;Symbol_9
255,synthetic,val,103,Symbol_1;Symbol_10;Symbol_11;Symbol_12;Symbol_13;Symbol_14;Symbol_15;Symbol_17;Symbol_18;Symbol_19;Symbol_2;Symbol_20;Symbol_21;Symbol_22;Symbol_23;Symbol_24;Symbol_25;Symbol_26;Symbol_27;Symbol_28;Symbol_29;Symbol_3;Symbol_30;Symbol_31;Symbol_32;Symbol_4;Symbol_5;Symbol_6;Symbol_7;Symbol_8;Symbol_9
256,synthetic,train,96,Symbol_1;Symbol_10;Symbol_11;Symbol_12;Symbol_13;Symbol_14;Symbol_15;Symbol_16;Symbol_17;Symbol_18;Symbol_19;Symbol_2;Symbol_20;Symbol_21;Symbol_22;Symbol_23;Symbol_24;Symbol_25;Symbol_26;Symbol_27;Symbol_28;Symbol_29;Symbol_3;Symbol_30;Symbol_31;Symbol_32;Symbol_5;Symbol_6;Symbol_7;Symbol_8;Symbol_9
257,synthetic,val,102,Symbol_1;Symbol_10;Symbol_11;Symbol_12;Symbol_13;Symbol_14;Symbol_15;Symbol_16;Symbol_17;Symbol_18;Symbol_19;Symbol_2;Symbol_20;Symbol_21;Symbol_22;Symbol_23;Symbol_24;Symbol_25;Symbol_26;Symbol_27;Symbol_28;Symbol_29;Symbol_3;Symbol_30;Symbol_31;Symbol_32;Symbol_4;Symbol_5;Symbol_6;Symbol_7;Symbol_9
258,synthetic,train,97,Symbol_1;Symbol_10;Symbol_11;Symbol_12;Symbol_13;Symbol_15;Symbol_16;Symbol_17;Symbol_18;Symbol_19;Symbol_2;Symbol_20;Symbol_21;Symbol_22;Symbol_23;Symbol_24;Symbol_25;Symbol_26;Symbol_27;Symbol_28;Symbol_29;Symbol_3;Symbol_30;Symbol_31;Symbol_32;Symbol_4;Symbol_5;Symbol_6;Symbol_7;Symbol_8;Symbol_9
259,synthetic,train,102,Symbol_1;Symbol_10;Symbol_11;Symbol_13;Symbol_14;Symbol_15;Symbol_16;Symbol_17;Symbol_18;Symbol_19;Symbol_2;Symbol_20;Symbol_21;Symbol_22;Symbol_23;Symbol_24;Symbol_25;Symbol_26;Symbol_27;Symbol_28;Symbol_29;Symbol_3;Symbol_30;Symbol_31;Symbol_32;Symbol_4;Symbol_5;Symbol_6;Symbol_7;Symbol_8;Symbol_9
26,synthetic,train,123,Symbol_1;Symbol_10;Symbol_11;Symbol_12;Symbol_13;Symbol_14;Symbol_15;Symbol_16;Symbol_17;Symbol_18;Symbol_19;Symbol_2;Symbol_20;Symbol_21;Symbol_22;Symbol_23;Symbol_24;Symbol_25;Symbol_26;Symbol_27;Symbol_28;Symbol_29;Symbol_3;Symbol_30;Symbol_31;Symbol_32;Symbol_4;Symbol_5;Symbol_6;Symbol_7;Symbol_9
260,synthetic,train,117,Symbol_1;Symbol_10;Symbol_11;Symbol_12;Symbol_13;Symbol_14;Symbol_15;Symbol_16;Symbol_17;Symbol_18;Symbol_19;Symbol_2;Symbol_20;Symbol_21;Symbol_22;Symbol_23;Symbol_24;Symbol_25;Symbol_26;Symbol_27;Symbol_28;Symbol_29;Symbol_3;Symbol_30;Symbol_31;Symbol_32;Symbol_4;Symbol_5;Symbol_6;Symbol_7;Symbol_8;Symbol_9
261,synthetic,val,118,Symbol_1;Symbol_10;Symbol_11;Symbol_12;Symbol_13;Symbol_14;Symbol_16;Symbol_17;Symbol_18;Symbol_2;Symbol_20;Symbol_21;Symbol_22;Symbol_23;Symbol_24;Symbol_25;Symbol_26;Symbol_27;Symbol_28;Symbol_29;Symbol_3;Symbol_30;Symbol_31;Symbol_32;Symbol_4;Symbol_5;Symbol_6;Symbol_7;Symbol_8;Symbol_9
262,synthetic,train,100,Symbol_1;Symbol_10;Symbol_11;Symbol_12;Symbol_13;Symbol_14;Symbol_15;Symbol_16;Symbol_18;Symbol_19;Symbol_2;Symbol_20;Symbol_21;Symbol_22;Symbol_23;Symbol_24;Symbol_25;Symbol_26;Symbol_27;Symbol_28;Symbol_29;Symbol_3;Symbol_30;Symbol_31;Symbol_32;Symbol_4;Symbol_5;Symbol_7;Symbol_8;Symbol_9
263,synthetic,val,106,Symbol_1;Symbol_11;Symbol_13;Symbol_14;Symbol_15;Symbol_16;Symbol_17;Symbol_18;Symbol_19;Symbol_20;Symbol_21;Symbol_22;Symbol_23;Symbol_24;Symbol_25;Symbol_26;Symbol_27;Symbol_28;Symbol_29;Symbol_3;Symbol_30;Symbol_31;Symbol_32;Symbol_4;Symbol_5;Symbol_6;Symbol_7;Symbol_8;Symbol_9
264,synthetic,train,95,Symbol_1;Symbol_10;Symbol_11;Symbol_12;Symbol_13;Symbol_14;Symbol_15;Symbol_16;Symbol_17;Symbol_18;Symbol_19;Symbol_2;Symbol_20;Symbol_21;Symbol_22;Symbol_23;Symbol_24;Symbol_25;Symbol_26;Symbol_27;Symbol_28;Symbol_29;Symbol_3;Symbol_30;Symbol_31;Symbol_32;Symbol_4;Symbol_5;Symbol_7;Symbol_8;Symbol_9
265,synthetic,val,102,Symbol_1;Symbol_10;Symbol_11;Symbol_12;Symbol_13;Symbol_14;Symbol_15;Symbol_16;Symbol_17;Symbol_18;Symbol_2;Symbol_20;Symbol_21;Symbol_22;Symbol_23;Symbol_24;Symbol_25;Symbol_26;Symbol_27;Symbol_28;Symbol_29;Symbol_31;Symbol_32;Symbol_4;Symbol_5;Symbol_6;Symbol_7;Symbol_8;Symbol_9
266,synthetic,val,105,Symbol_1;Symbol_10;Symbol_11;Symbol_12;Symbol_13;Symbol_14;Symbol_16;Symbol_18;Symbol_19;Symbol_2;Symbol_20;Symbol_21;Symbol_22;Symbol_23;Symbol_24;Symbol_25;Symbol_26;Symbol_27;Symbol_28;Symbol_29;Symbol_3;Symbol_30;Symbol_31;Symbol_32;Symbol_4;Symbol_5;Symbol_6;Symbol_7;Symbol_8;Symbol_9
267,synthetic,train,112,Symbol_1;Symbol_10;Symbol_11;Symbol_12;Symbol_13;Symbol_14;Symbol_15;Symbol_16;Symbol_17;Symbol_18;Symbol_19;Symbol_2;Symbol_20;Symbol_21;Symbol_22;Symbol_24;Symbol_25;Symbol_26;Symbol_27;Symbol_28;Symbol_29;Symbol_3;Symbol_30;Symbol_31;Symbol_32;Symbol_4;Symbol_5;Symbol_6;Symbol_7;Symbol_8;Symbol_9
268,synthetic,train,101,Symbol_1;Symbol_10;Symbol_11;Symbol_12;Symbol_13;Symbol_14;Symbol_15;Symbol_16;Symbol_17;Symbol_18;Symbol_19;Symbol_2;Symbol_20;Symbol_21;Symbol_23;Symbol_24;Symbol_25;Symbol_26;Symbol_27;Symbol_28;Symbol_29;Symbol_3;Symbol_30;Symbol_31;Symbol_32;Symbol_4;Symbol_5;Symbol_6;Symbol_7;Symbol_8;Symbol_9
269,synthetic,val,96,Symbol_1;Symbol_10;Symbol_11;Symbol_12;Symbol_13;Symbol_14;Symbol_15;Symbol_16;Symbol_18;Symbol_19;Symbol_2;Symbol_20;Symbol_21;Symbol_22;Symbol_24;Symbol_25;Symbol_26;Symbol_27;Symbol_28;Symbol_3;Symbol_30;Symbol_31;Symbol_32;Symbol_4;Symbol_5;Symbol_6;Symbol_7;Symbol_8;Symbol_9
27,synthetic,train,121,Symbol_1;Symbol_10;Symbol_11;Symbol_12;Symbol_14;Symbol_15;Symbol_16;Symbol_17;Symbol_18;Symbol_19;Symbol_2;Symbol_20;Symbol_21;Symbol_22;Symbol_23;Symbol_24;Symbol_25;Symbol_26;Symbol_27;Symbol_28;Symbol_29;Symbol_3;Symbol_30;Symbol_31;Symbol_32;Symbol_4;Symbol_5;Symbol_6;Symbol_7;Symbol_8;Symbol_9
270,synthetic,train,96,Symbol_1;Symbol_10;Symbol_11;Symbol_12;Symbol_13;Symbol_14;Symbol_15;Symbol_16;Symbol_17;Symbol_18;Symbol_2;Symbol_20;Symbol_21;Symbol_22;Symbol_23;Symbol_24;Symbol_25;Symbol_26;Symbol_27;Symbol_28;Symbol_29;Symbol_3;Symbol_30;Symbol_32;Symbol_4;Symbol_5;Symbol_7;Symbol_8;Symbol_9
271,synthetic,train,111,Symbol_1;Symbol_10;Symbol_11;Symbol_12;Symbol_13;Symbol_14;Symbol_15;Symbol_16;Symbol_17;Symbol_18;Symbol_19;Symbol_2;Symbol_20;Symbol_21;Symbol_22;Symbol_23;Symbol_24;Symbol_25;Symbol_26;Symbol_27;Symbol_28;Symbol_29;Symbol_3;Symbol_31;Symbol_32;Symbol_4;Symbol_5;Symbol_6;Symbol_7;Symbol_8;Symbol_9
272,synthetic,val,113,Symbol_1;Symbol_10;Symbol_11;Symbol_12;Symbol_13;Symbol_14;Symbol_15;Symbol_16;Symbol_17;Symbol_18;Symbol_19;Symbol_2;Symbol_20;Symbol_21;Symbol_22;Symbol_23;Symbol_24;Symbol_25;Symbol_26;Symbol_27;Symbol_28;Symbol_29;Symbol_3;Symbol_30;Symbol_31;Symbol_32;Symbol_4;Symbol_5;Symbol_6;Symbol_7;Symbol_9
273,synthetic,val,117,Symbol_1;Symbol_10;Symbol_11;Symbol_12;Symbol_13;Symbol_14;Symbol_15;Symbol_16;Symbol_17;Symbol_18;Symbol_19;Symbol_2;Symbol_20;Symbol_21;Symbol_22;Symbol_23;Symbol_24;Symbol_25;Symbol_26;Symbol_27;Symbol_28;Symbol_3;Symbol_30;Symbol_31;Symbol_32;Symbol_5;Symbol_6;Symbol_7;Symbol_8;Symbol_9
274,synthetic,train,107,Symbol_1;Symbol_10;Symbol_11;Symbol_12;Symbol_13;Symbol_14;Symbol_15;Symbol_16;Symbol_17;Symbol_18;Symbol_19;Symbol_2;Symbol_21;Symbol_22;Symbol_23;Symbol_24;Symbol_25;Symbol_26;Symbol_27;Symbol_28;Symbol_29;Symbol_3;Symbol_30;Symbol_31;Symbol_32;Symbol_4;Symbol_5;Symbol_6;Symbol_7;Symbol_8;Symbol_9
275,synthetic,train,97,Symbol_1;Symbol_10;Symbol_11;Symbol_12;Symbol_15;Symbol_16;Symbol_17;Symbol_18;Symbol_19;Symbol_2;Symbol_20;Symbol_21;Symbol_22;Symbol_23;Symbol_24;Symbol_25;Symbol_26;Symbol_27;Symbol_28;Symbol_29;Symbol_3;Symbol_30;Symbol_31;Symbol_32;Symbol_4;Symbol_5;Symbol_6;Symbol_7;Symbol_8
276,synthetic,train,96,Symbol_1;Symbol_10;Symbol_11;Symbol_12;Symbol_14;Symbol_15;Symbol_18;Symbol_19;Symbol_2;Symbol_20;Symbol_21;Symbol_22;Symbol_23;Symbol_24;Symbol_25;Symbol_26;Symbol_27;Symbol_28;Symbol_29;Symbol_3;Symbol_31;Symbol_32;Symbol_4;Symbol_5;Symbol_6;Symbol_7;Symbol_8;Symbol_9
277,synthetic,train,103,Symbol_1;Symbol_10;Symbol_11;Symbol_12;Symbol_13;Symbol_14;Symbol_15;Symbol_16;Symbol_17;Symbol_18;Symbol_19;Symbol_2;Symbol_20;Symbol_21;Symbol_22;Symbol_23;Symbol_24;Symbol_25;Symbol_26;Symbol_27;Symbol_29;Symbol_3;Symbol_30;Symbol_31;Symbol_32;Symbol_4;Symbol_5;Symbol_6;Symbol_7;Symbol_9
278,synthetic,train,113,Symbol_1;Symbol_10;Symbol_11;Symbol_12;Symbol_13;Symbol_14;Symbol_15;Symbol_16;Symbol_17;Symbol_18;Symbol_19;Symbol_2;Symbol_20;Symbol_21;Symbol_22;Symbol_23;Symbol_24;Symbol_25;Symbol_26;Symbol_27;Symbol_28;Symbol_29;Symbol_3;Symbol_30;Symbol_31;Symbol_4;Symbol_5;Symbol_6;Symbol_7;Symbol_8;Symbol_9
279,synthetic,train,99,Symbol_1;Symbol_10;Symbol_11;Symbol_12;Symbol_13;Symbol_14;Symbol_15;Symbol_16;Symbol_17;Symbol_18;Symbol_19;Symbol_2;Symbol_20;Symbol_21;Symbol_22;Symbol_23;Symbol_24;Symbol_25;Symbol_26;Symbol_27;Symbol_28;Symbol_29;Symbol_31;Symbol_32;Symbol_4;Symbol_5;Symbol_6;Symbol_7;Symbol_8;Symbol_9
28,synthetic,train,107,Symbol_1;Symbol_10;Symbol_11;Symbol_12;Symbol_13;Symbol_14;Symbol_15;Symbol_16;Symbol_17;Symbol_18;Symbol_19;Symbol_2;Symbol_20;Symbol_21;Symbol_22;Symbol_24;Symbol_25;Symbol_26;Symbol_27;Symbol_28;Symbol_29;Symbol_3;Symbol_30;Symbol_31;Symbol_32;Symbol_4;Symbol_5;Symbol_6;Symbol_7;Symbol_8;Symbol_9
280,synthetic,train,101,Symbol_1;Symbol_10;Symbol_11;Symbol_12;Symbol_13;Symbol_15;Symbol_16;Symbol_17;Symbol_18;Symbol_19;Symbol_2;Symbol_20;Symbol_21;Symbol_22;Symbol_23;Symbol_24;Symbol_25;Symbol_26;Symbol_27;Symbol_28;Symbol_29;Symbol_3;Symbol_30;Symbol_31;Symbol_4;Symbol_5;Symbol_6;Symbol_7;Symbol_8;Symbol_9
281,synthetic,train,129,Symbol_1;Symbol_10;Symbol_11;Symbol_13;Symbol_14;Symbol_15;Symbol_16;Symbol_17;Symbol_18;Symbol_19;Symbol_2;Symbol_20;Symbol_21;Symbol_22;Symbol_23;Symbol_24;Symbol_25;Symbol_26;Symbol_27;Symbol_28;Symbol_29;Symbol_3;Symbol_30;Symbol_31;Symbol_32;Symbol_4;Symbol_5;Symbol_6;Symbol_7;Symbol_8;Symbol_9
282,synthetic,train,86,Symbol_1;Symbol_10;Symbol_11;Symbol_12;Symbol_13;Symbol_14;Symbol_15;Symbol_16;Symbol_17;Symbol_18;Symbol_19;Symbol_2;Symbol_21;Symbol_23;Symbol_24;Symbol_25;Symbol_26;Symbol_27;Symbol_28;Symbol_29;Symbol_3;Symbol_30;Symbol_31;Symbol_32;Symbol_4;Symbol_5;Symbol_6;Symbol_7;Symbol_8
283,synthetic,train,101,Symbol_1;Symbol_10;Symbol_11;Symbol_12;Symbol_13;Symbol_14;Symbol_15;Symbol_16;Symbol_17;Symbol_18;Symbol_19;Symbol_2;Symbol_20;Symbol_21;Symbol_22;Symbol_23;Symbol_24;Symbol_25;Symbol_26;Symbol_27;Symbol_28;Symbol_29;Symbol_3;Symbol_30;Symbol_31;Symbol_32;Symbol_4;Symbol_5;Symbol_6;Symbol_7;Symbol_8;Symbol_9
284,synthetic,train,117,Symbol_1;Symbol_10;Symbol_11;Symbol_12;Symbol_13;Symbol_14;Symbol_15;Symbol_16;Symbol_17;Symbol_18;Symbol_19;Symbol_2;Symbol_20;Symbol_21;Symbol_22;Symbol_24;Symbol_25;Symbol_26;Symbol_27;Symbol_28;Symbol_29;Symbol_3;Symbol_30;Symbol_31;Symbol_32;Symbol_4;Symbol_5;Symbol_6;Symbol_7;Symbol_8;Symbol_9
285,synthetic,train,108,Symbol_1;Symbol_10;Symbol_11;Symbol_12;Symbol_13;Symbol_14;Symbol_15;Symbol_16;Symbol_17;Symbol_18;Symbol_19;Symbol_2;Symbol_20;Symbol_21;Symbol_22;Symbol_23;Symbol_25;Symbol_26;Symbol_27;Symbol_28;Symbol_29;Symbol_3;Symbol_30;Symbol_31;Symbol_32;Symbol_4;Symbol_5;Symbol_6;Symbol_7;Symbol_8;Symbol_9
286,synthetic,train,102,Symbol_1;Symbol_10;Symbol_11;Symbol_13;Symbol_14;Symbol_15;Symbol_16;Symbol_17;Symbol_18;Symbol_19;Symbol_2;Symbol_20;Symbol_21;Symbol_23;Symbol_24;Symbol_25;Symbol_26;Symbol_27;Symbol_28;Symbol_29;Symbol_3;Symbol_30;Symbol_31;Symbol_32;Symbol_4;Symbol_5;Symbol_6;Symbol_7;Symbol_8;Symbol_9
287,synthetic,train,92,Symbol_1;Symbol_10;Symbol_11;Symbol_12;Symbol_13;Symbol_14;Symbol_15;Symbol_16;Symbol_17;Symbol_18;Symbol_19;Symbol_2;Symbol_20;Symbol_21;Symbol_22;Symbol_23;Symbol_24;Symbol_25;Symbol_26;Symbol_27;Symbol_29;Symbol_3;Symbol_30;Symbol_31;Symbol_32;Symbol_5;Symbol_6;Symbol_7;Symbol_8;Symbol_9
288,synthetic,train,94,Symbol_1;Symbol_10;Symbol_12;Symbol_13;Symbol_14;Symbol_15;Symbol_16;Symbol_17;Symbol_19;Symbol_2;Symbol_20;Symbol_21;Symbol_22;Symbol_23;Symbol_24;Symbol_25;Symbol_27;Symbol_28;Symbol_29;Symbol_3;Symbol_30;Symbol_31;Symbol_32;Symbol_4;Symbol_5;Symbol_7;Symbol_8;Symbol_9
289,synthetic,train,118,Symbol_1;Symbol_10;Symbol_11;Symbol_12;Symbol_13;Symbol_14;Symbol_15;Symbol_16;Symbol_17;Symbol_18;Symbol_19;Symbol_2;Symbol_20;Symbol_21;Symbol_22;Symbol_23;Symbol_24;Symbol_25;Symbol_27;Symbol_28;Symbol_29;Symbol_3;Symbol_30;Symbol_32;Symbol_4;Symbol_5;Symbol_6;Symbol_7;Symbol_8;Symbol_9
29,synthetic,train,121,Symbol_1;Symbol_10;Symbol_11;Symbol_12;Symbol_14;Symbol_15;Symbol_16;Symbol_17;Symbol_18;Symbol_19;Symbol_2;Symbol_20;Symbol_21;Symbol_22;Symbol_23;Symbol_24;Symbol_25;Symbol_26;Symbol_27;Symbol_28;Symbol_29;Symbol_3;Symbol_30;Symbol_31;Symbol_32;Symbol_4;Symbol_5;Symbol_6;Symbol_8;Symbol_9
290,synthetic,train,89,Symbol_1;Symbol_10;Symbol_11;Symbol_12;Symbol_13;Symbol_14;Symbol_15;Symbol_16;Symbol_17;Symbol_18;Symbol_19;Symbol_20;Symbol_21;Symbol_23;Symbol_24;Symbol_25;Symbol_26;Symbol_27;Symbol_28;Symbol_29;Symbol_3;Symbol_30;Symbol_31;Symbol_32;Symbol_4;Symbol_5;Symbol_6;Symbol_7;Symbol_8;Symbol_9
291,synthetic,val,123,Symbol_1;Symbol_10;Symbol_11;Symbol_12;Symbol_13;Symbol_14;Symbol_15;Symbol_16;Symbol_17;Symbol_18;Symbol_19;Symbol_2;Symbol_20;Symbol_21;Symbol_22;Symbol_23;Symbol_24;Symbol_25;Symbol_26;Symbol_27;Symbol_28;Symbol_29;Symbol_3;Symbol_30;Symbol_31;Symbol_32;Symbol_4;Symbol_5;Symbol_6;Symbol_7;Symbol_8;Symbol_9
292,synthetic,train,118,Symbol_1;Symbol_10;Symbol_11;Symbol_12;Symbol_13;Symbol_14;Symbol_15;Symbol_16;Symbol_17;Symbol_18;Symbol_19;Symbol_2;Symbol_20;Symbol_21;Symbol_22;Symbol_23;Symbol_24;Symbol_25;Symbol_26;Symbol_27;Symbol_28;Symbol_29;Symbol_3;Symbol_30;Symbol_31;Symbol_32;Symbol_4;Symbol_5;Symbol_6;Symbol_7;Symbol_8;Symbol_9
293,synthetic,val,99,Symbol_1;Symbol_10;Symbol_11;Symbol_13;Symbol_14;Symbol_15;Symbol_16;Symbol_17;Symbol_18;Symbol_19;Symbol_2;Symbol_20;Symbol_21;Symbol_22;Symbol_23;Symbol_24;Symbol_26;Symbol_27;Symbol_28;Symbol_29;Symbol_3;Symbol_30;Symbol_31;Symbol_32;Symbol_4;Symbol_5;Symbol_6;Symbol_7;Symbol_8;Symbol_9
294,synthetic,train,84,Symbol_1;Symbol_10;Symbol_11;Symbol_12;Symbol_13;Symbol_14;Symbol_16;Symbol_17;Symbol_18;Symbol_19;Symbol_2;Symbol_20;Symbol_21;Symbol_22;Symbol_23;Symbol_24;Symbol_25;Symbol_26;Symbol_27;Symbol_29;Symbol_3;Symbol_30;Symbol_31;Symbol_32;Symbol_4;Symbol_5;Symbol_6;Symbol_7;Symbol_8;Symbol_9
295,synthetic,train,107,Symbol_1;Symbol_10;Symbol_11;Symbol_12;Symbol_13;Symbol_14;Symbol_15;Symbol_16;Symbol_17;Symbol_18;Symbol_2;Symbol_20;Symbol_21;Symbol_22;Symbol_23;Symbol_24;Symbol_25;Symbol_26;Symbol_27;Symbol_28;Symbol_29;Symbol_3;Symbol_30;Symbol_31;Symbol_32;Symbol_4;Symbol_5;Symbol_6;Symbol_7;Symbol_8;Symbol_9
296,synthetic,train,118,Symbol_1;Symbol_10;Symbol_11;Symbol_12;Symbol_13;Symbol_14;Symbol_15;Symbol_16;Symbol_17;Symbol_18;Symbol_19;Symbol_2;Symbol_20;Symbol_21;Symbol_22;Symbol_23;Symbol_24;Symbol_25;Symbol_26;Symbol_27;Symbol_28;Symbol_29;Symbol_3;Symbol_30;Symbol_31;Symbol_32;Symbol_4;Symbol_5;Symbol_6;Symbol_7;Symbol_8;Symbol_9
297,synthetic,train,97,Symbol_1;Symbol_10;Symbol_11;Symbol_12;Symbol_13;Symbol_14;Symbol_15;Symbol_16;Symbol_17;Symbol_18;Symbol_19;Symbol_2;Symbol_20;Symbol_21;Symbol_22;Symbol_23;Symbol_24;Symbol_25;Symbol_26;Symbol_27;Symbol_28;Symbol_29;Symbol_3;Symbol_30;Symbol_31;Symbol_32;Symbol_4;Symbol_5;Symbol_6;Symbol_7;Symbol_8;Symbol_9
298,synthetic,train,81,Symbol_1;Symbol_11;Symbol_12;Symbol_13;Symbol_14;Symbol_15;Symbol_16;Symbol_17;Symbol_19;Symbol_2;Symbol_20;Symbol_21;Symbol_22;Symbol_23;Symbol_24;Symbol_25;Symbol_26;Symbol_27;Symbol_28;Symbol_29;Symbol_3;Symbol_30;Symbol_31;Symbol_32;Symbol_4;Symbol_6;Symbol_7;Symbol_8;Symbol_9
299,synthetic,train,99,Symbol_1;Symbol_10;Symbol_11;Symbol_12;Symbol_13;Symbol_14;Symbol_15;Symbol_16;Symbol_17;Symbol_18;Symbol_19;Symbol_20;Symbol_21;Symbol_22;Symbol_23;Symbol_24;Symbol_25;Symbol_26;Symbol_27;Symbol_28;Symbol_29;Symbol_3;Symbol_30;Symbol_31;Symbol_32;Symbol_5;Symbol_6;Symbol_7;Symbol_8
3,synthetic,train,95,Symbol_1;Symbol_10;Symbol_11;Symbol_12;Symbol_13;Symbol_15;Symbol_16;Symbol_17;Symbol_18;Symbol_19;Symbol_2;Symbol_20;Symbol_21;Symbol_22;Symbol_23;Symbol_24;Symbol_25;Symbol_26;Symbol_27;Symbol_28;Symbol_29;Symbol_3;Symbol_30;Symbol_31;Symbol_32;Symbol_4;Symbol_5;Symbol_6;Symbol_7;Symbol_8;Symbol_9
30,synthetic,train,188,Symbol_1;Symbol_10;Symbol_11;Symbol_12;Symbol_13;Symbol_14;Symbol_15;Symbol_16;Symbol_17;Symbol_18;Symbol_19;Symbol_2;Symbol_20;Symbol_21;Symbol_22;Symbol_23;Symbol_24;Symbol_25;Symbol_26;Symbol_27;Symbol_28;Symbol_29;Symbol_3;Symbol_30;Symbol_31;Symbol_32;Symbol_4;Symbol_5;Symbol_6;Symbol_7;Symbol_8;Symbol_9
300,synthetic,train,175,Symbol_1;Symbol_10;Symbol_11;Symbol_12;Symbol_13;Symbol_14;Symbol_15;Symbol_16;Symbol_17;Symbol_18;Symbol_19;Symbol_2;Symbol_20;Symbol_21;Symbol_22;Symbol_23;Symbol_24;Symbol_25;Symbol_26;Symbol_27;Symbol_28;Symbol_29;Symbol_3;Symbol_30;Symbol_31;Symbol_32;Symbol_4;Symbol_5;Symbol_6;Symbol_7;Symbol_8;Symbol_9
301,synthetic,train,162,Symbol_1;Symbol_10;Symbol_11;Symbol_12;Symbol_13;Symbol_14;Symbol_15;Symbol_16;Symbol_17;Symbol_18;Symbol_19;Symbol_2;Symbol_20;Symbol_21;Symbol_22;Symbol_23;Symbol_24;Symbol_25;Symbol_26;Symbol_27;Symbol_28;Symbol_29;Symbol_3;Symbol_30;Symbol_31;Symbol_32;Symbol_4;Symbol_5;Symbol_6;Symbol_7;Symbol_8;Symbol_9
302,synthetic,train,175,Symbol_1;Symbol_10;Symbol_11;Symbol_12;Symbol_13;Symbol_14;Symbol_15;Symbol_16;Symbol_17;Symbol_18;Symbol_19;Symbol_2;Symbol_20;Symbol_21;Symbol_22;Symbol_23;Symbol_24;Symbol_25;Symbol_26;Symbol_27;Symbol_28;Symbol_29;Symbol_3;Symbol_30;Symbol_31;Symbol_32;Symbol_4;Symbol_5;Symbol_6;Symbol_7;Symbol_8;Symbol_9
303,synthetic,train,173,Symbol_1;Symbol_10;Symbol_11;Symbol_12;Symbol_13;Symbol_14;Symbol_15;Symbol_16;Symbol_17;Symbol_18;Symbol_19;Symbol_2;Symbol_20;Symbol_21;Symbol_22;Symbol_23;Symbol_24;Symbol_25;Symbol_26;Symbol_27;Symbol_28;Symbol_29;Symbol_3;Symbol_30;Symbol_31;Symbol_32;Symbol_4;Symbol_5;Symbol_6;Symbol_7;Symbol_8;Symbol_9
304,synthetic,val,161,Symbol_1;Symbol_10;Symbol_11;Symbol_12;Symbol_13;Symbol_14;Symbol_15;Symbol_16;Symbol_17;Symbol_18;Symbol_19;Symbol_2;Symbol_20;Symbol_21;Symbol_22;Symbol_23;Symbol_24;Symbol_25;Symbol_26;Symbol_27;Symbol_28;Symbol_29;Symbol_3;Symbol_30;Symbol_31;Symbol_32;Symbol_4;Symbol_5;Symbol_6;Symbol_7;Symbol_8;Symbol_9
305,synthetic,train,155,Symbol_1;Symbol_10;Symbol_11;Symbol_13;Symbol_14;Symbol_15;Symbol_16;Symbol_17;Symbol_18;Symbol_19;Symbol_2;Symbol_20;Symbol_21;Symbol_22;Symbol_23;Symbol_24;Symbol_25;Symbol_26;Symbol_27;Symbol_28;Symbol_29;Symbol_3;Symbol_30;Symbol_31;Symbol_32;Symbol_4;Symbol_5;Symbol_6;Symbol_7;Symbol_8;Symbol_9
306,synthetic,train,177,Symbol_1;Symbol_10;Symbol_11;Symbol_12;Symbol_13;Symbol_14;Symbol_15;Symbol_16;Symbol_17;Symbol_18;Symbol_19;Symbol_2;Symbol_20;Symbol_21;Symbol_22;Symbol_23;Symbol_24;Symbol_25;Symbol_26;Symbol_27;Symbol_28;Symbol_29;Symbol_3;Symbol_30;Symbol_31;Symbol_32;Symbol_4;Symbol_5;Symbol_6;Symbol_7;Symbol_8;Symbol_9
307,synthetic,val,174,Symbol_1;Symbol_10;Symbol_11;Symbol_12;Symbol_13;Symbol_14;Symbol_15;Symbol_16;Symbol_17;Symbol_18;Symbol_19;Symbol_2;Symbol_20;Symbol_21;Symbol_22;Symbol_23;Symbol_24;Symbol_25;Symbol_26;Symbol_27;Symbol_28;Symbol_29;Symbol_3;Symbol_30;Symbol_31;Symbol_32;Symbol_4;Symbol_5;Symbol_6;Symbol_7;Symbol_8;Symbol_9
308,synthetic,train,165,Symbol_1;Symbol_10;Symbol_11;Symbol_12;Symbol_13;Symbol_14;Symbol_15;Symbol_16;Symbol_17;Symbol_18;Symbol_19;Symbol_2;Symbol_20;Symbol_21;Symbol_22;Symbol_23;Symbol_24;Symbol_25;Symbol_26;Symbol_27;Symbol_28;Symbol_29;Symbol_3;Symbol_30;Symbol_31;Symbol_32;Symbol_4;Symbol_5;Symbol_6;Symbol_7;Symbol_8;Symbol_9
309,synthetic,train,179,Symbol_1;Symbol_10;Symbol_11;Symbol_12;Symbol_13;Symbol_14;Symbol_15;Symbol_16;Symbol_17;Symbol_18;Symbol_19;Symbol_2;Symbol_20;Symbol_21;Symbol_22;Symbol_23;Symbol_24;Symbol_25;Symbol_26;Symbol_27;Symbol_28;Symbol_29;Symbol_3;Symbol_30;Symbol_31;Symbol_32;Symbol_4;Symbol_5;Symbol_6;Symbol_7;Symbol_8;Symbol_9
31,synthetic,val,170,Symbol_1;Symbol_10;Symbol_11;Symbol_12;Symbol_13;Symbol_14;Symbol_15;Symbol_16;Symbol_17;Symbol_18;Symbol_19;Symbol_2;Symbol_20;Symbol_21;Symbol_22;Symbol_23;Symbol_24;Symbol_25;Symbol_26;Symbol_27;Symbol_28;Symbol_29;Symbol_3;Symbol_30;Symbol_31;Symbol_32;Symbol_4;Symbol_5;Symbol_6;Symbol_7;Symbol_8;Symbol_9
310,synthetic,train,148,Symbol_1;Symbol_10;Symbol_11;Symbol_12;Symbol_13;Symbol_14;Symbol_15;Symbol_16;Symbol_17;Symbol_18;Symbol_19;Symbol_2;Symbol_20;Symbol_21;Symbol_22;Symbol_23;Symbol_24;Symbol_25;Symbol_26;Symbol_27;Symbol_28;Symbol_29;Symbol_3;Symbol_30;Symbol_31;Symbol_32;Symbol_4;Symbol_5;Symbol_6;Symbol_7;Symbol_8;Symbol_9
311,synthetic,train,120,Symbol_1;Symbol_10;Symbol_11;Symbol_12;Symbol_13;Symbol_14;Symbol_15;Symbol_17;Symbol_18;Symbol_19;Symbol_2;Symbol_20;Symbol_21;Symbol_22;Symbol_23;Symbol_24;Symbol_25;Symbol_26;Symbol_27;Symbol_28;Symbol_29;Symbol_3;Symbol_30;Symbol_31;Symbol_32;Symbol_4;Symbol_5;Symbol_6;Symbol_7;Symbol_8;Symbol_9
312,synthetic,train,126,Symbol_1;Symbol_10;Symbol_11;Symbol_12;Symbol_13;Symbol_14;Symbol_15;Symbol_16;Symbol_18;Symbol_19;Symbol_2;Symbol_20;Symbol_21;Symbol_22;Symbol_23;Symbol_24;Symbol_25;Symbol_26;Symbol_27;Symbol_28;Symbol_29;Symbol_3;Symbol_30;Symbol_31;Symbol_32;Symbol_4;Symbol_6;Symbol_7;Symbol_8;Symbol_9
313,synthetic,train,131,Symbol_1;Symbol_10;Symbol_11;Symbol_12;Symbol_13;Symbol_14;Symbol_15;Symbol_16;Symbol_17;Symbol_18;Symbol_19;Symbol_2;Symbol_20;Symbol_21;Symbol_22;Symbol_23;Symbol_24;Symbol_25;Symbol_26;Symbol_27;Symbol_28;Symbol_29;Symbol_3;Symbol_31;Symbol_32;Symbol_4;Symbol_5;Symbol_6;Symbol_7;Symbol_8;Symbol_9
314,synthetic,train,119,Symbol_1;Symbol_10;Symbol_11;Symbol_12;Symbol_13;Symbol_14;Symbol_15;Symbol_16;Symbol_17;Symbol_18;Symbol_19;Symbol_2;Symbol_20;Symbol_21;Symbol_22;Symbol_23;Symbol_24;Symbol_25;Symbol_26;Symbol_27;Symbol_28;Symbol_29;Symbol_3;Symbol_30;Symbol_31;Symbol_32;Symbol_4;Symbol_5;Symbol_6;Symbol_7;Symbol_8;Symbol_9
315,synthetic,train,117,Symbol_1;Symbol_10;Symbol_11;Symbol_12;Symbol_13;Symbol_14;Symbol_15;Symbol_16;Symbol_17;Symbol_18;Symbol_19;Symbol_2;Symbol_20;Symbol_21;Symbol_22;Symbol_23;Symbol_24;Symbol_25;Symbol_26;Symbol_27;Symbol_28;Symbol_29;Symbol_3;Symbol_30;Symbol_31;Symbol_32;Symbol_4;Symbol_5;Symbol_6;Symbol_7;Symbol_8;Symbol_9
316,synthetic,train,116,Symbol_1;Symbol_10;Symbol_11;Symbol_12;Symbol_13;Symbol_14;Symbol_15;Symbol_16;Symbol_17;Symbol_18;Symbol_19;Symbol_2;Symbol_20;Symbol_21;Symbol_22;Symbol_23;Symbol_24;Symbol_25;Symbol_26;Symbol_27;Symbol_28;Symbol_29;Symbol_3;Symbol_30;Symbol_31;Symbol_32;Symbol_4;Symbol_5;Symbol_6;Symbol_7;Symbol_8;Symbol_9
317,synthetic,train,118,Symbol_1;Symbol_10;Symbol_11;Symbol_12;Symbol_13;Symbol_14;Symbol_15;Symbol_16;Symbol_17;Symbol_18;Symbol_19;Symbol_2;Symbol_20;Symbol_21;Symbol_22;Symbol_23;Symbol_24;Symbol_25;Symbol_26;Symbol_27;Symbol_28;Symbol_29;Symbol_3;Symbol_30;Symbol_31;Symbol_32;Symbol_4;Symbol_5;Symbol_6;Symbol_7;Symbol_9
318,synthetic,train,137,Symbol_1;Symbol_10;Symbol_11;Symbol_12;Symbol_13;Symbol_14;Symbol_15;Symbol_16;Symbol_17;Symbol_18;Symbol_19;Symbol_2;Symbol_20;Symbol_21;Symbol_22;Symbol_23;Symbol_24;Symbol_25;Symbol_26;Symbol_27;Symbol_28;Symbol_29;Symbol_3;Symbol_30;Symbol_31;Symbol_32;Symbol_4;Symbol_5;Symbol_6;Symbol_7;Symbol_8;Symbol_9
319,synthetic,train,125,Symbol_1;Symbol_10;Symbol_11;Symbol_12;Symbol_14;Symbol_15;Symbol_16;Symbol_17;Symbol_18;Symbol_19;Symbol_2;Symbol_20;Symbol_21;Symbol_22;Symbol_23;Symbol_24;Symbol_25;Symbol_26;Symbol_27;Symbol_28;Symbol_29;Symbol_3;Symbol_30;Symbol_31;Symbol_32;Symbol_4;Symbol_5;Symbol_6;Symbol_7;Symbol_8;Symbol_9
32,synthetic,train,170,Symbol_1;Symbol_10;Symbol_11;Symbol_12;Symbol_13;Symbol_14;Symbol_15;Symbol_16;Symbol_17;Symbol_18;Symbol_19;Symbol_2;Symbol_20;Symbol_21;Symbol_22;Symbol_23;Symbol_24;Symbol_25;Symbol_26;Symbol_27;Symbol_28;Symbol_29;Symbol_3;Symbol_30;Symbol_31;Symbol_32;Symbol_4;Symbol_5;Symbol_6;Symbol_7;Symbol_8;Symbol_9
320,synthetic,train,179,Symbol_1;Symbol_10;Symbol_11;Symbol_12;Symbol_13;Symbol_14;Symbol_15;Symbol_16;Symbol_17;Symbol_18;Symbol_19;Symbol_2;Symbol_20;Symbol_21;Symbol_22;Symbol_23;Symbol_24;Symbol_25;Symbol_26;Symbol_27;Symbol_28;Symbol_29;Symbol_3;Symbol_30;Symbol_32;Symbol_4;Symbol_5;Symbol_6;Symbol_7;Symbol_8;Symbol_9
321,synthetic,train,149,Symbol_1;Symbol_10;Symbol_11;Symbol_12;Symbol_13;Symbol_14;Symbol_15;Symbol_16;Symbol_17;Symbol_18;Symbol_19;Symbol_2;Symbol_20;Symbol_21;Symbol_22;Symbol_23;Symbol_24;Symbol_25;Symbol_26;Symbol_27;Symbol_28;Symbol_29;Symbol_3;Symbol_30;Symbol_31;Symbol_32;Symbol_4;Symbol_5;Symbol_6;Symbol_7;Symbol_8;Symbol_9
322,synthetic,train,163,Symbol_1;Symbol_10;Symbol_11;Symbol_12;Symbol_13;Symbol_14;Symbol_15;Symbol_16;Symbol_17;Symbol_18;Symbol_19;Symbol_2;Symbol_20;Symbol_21;Symbol_22;Symbol_23;Symbol_24;Symbol_25;Symbol_26;Symbol_27;Symbol_28;Symbol_29;Symbol_3;Symbol_30;Symbol_31;Symbol_32;Symbol_4;Symbol_5;Symbol_6;Symbol_7;Symbol_8;Symbol_9
323,synthetic,train,151,Symbol_1;Symbol_10;Symbol_11;Symbol_12;Symbol_13;Symbol_14;Symbol_15;Symbol_16;Symbol_17;Symbol_18;Symbol_19;Symbol_2;Symbol_20;Symbol_21;Symbol_22;Symbol_23;Symbol_24;Symbol_25;Symbol_26;Symbol_28;Symbol_29;Symbol_3;Symbol_30;Symbol_31;Symbol_32;Symbol_4;Symbol_5;Symbol_6;Symbol_7;Symbol_8;Symbol_9
324,synthetic,train,161,Symbol_1;Symbol_10;Symbol_11;Symbol_12;Symbol_13;Symbol_14;Symbol_15;Symbol_16;Symbol_17;Symbol_18;Symbol_2;Symbol_20;Symbol_21;Symbol_22;Symbol_23;Symbol_24;Symbol_25;Symbol_26;Symbol_27;Symbol_28;Symbol_29;Symbol_3;Symbol_30;Symbol_31;Symbol_32;Symbol_4;Symbol_5;Symbol_6;Symbol_7;Symbol_8;Symbol_9
325,synthetic,train,161,Symbol_1;Symbol_10;Symbol_11;Symbol_12;Symbol_13;Symbol_14;Symbol_15;Symbol_16;Symbol_17;Symbol_18;Symbol_19;Symbol_2;Symbol_20;Symbol_21;Symbol_22;Symbol_23;Symbol_24;Symbol_25;Symbol_26;Symbol_27;Symbol_28;Symbol_29;Symbol_3;Symbol_30;Symbol_31;Symbol_32;Symbol_4;Symbol_5;Symbol_6;Symbol_7;Symbol_8;Symbol_9
326,synthetic,train,169,Symbol_1;Symbol_10;Symbol_11;Symbol_12;Symbol_13;Symbol_14;Symbol_15;Symbol_16;Symbol_17;Symbol_18;Symbol_19;Symbol_2;Symbol_20;Symbol_21;Symbol_22;Symbol_23;Symbol_24;Symbol_25;Symbol_26;Symbol_27;Symbol_28;Symbol_29;Symbol_3;Symbol_30;Symbol_31;Symbol_32;Symbol_4;Symbol_5;Symbol_6;Symbol_7;Symbol_8;Symbol_9
327,synthetic,train,151,Symbol_1;Symbol_10;Symbol_11;Symbol_12;Symbol_13;Symbol_14;Symbol_15;Symbol_16;Symbol_17;Symbol_18;Symbol_19;Symbol_2;Symbol_20;Symbol_21;Symbol_22;Symbol_23;Symbol_24;Symbol_25;Symbol_26;Symbol_27;Symbol_28;Symbol_29;Symbol_3;Symbol_30;Symbol_31;Symbol_32;Symbol_4;Symbol_5;Symbol_6;Symbol_7;Symbol_8;Symbol_9
328,synthetic,train,162,Symbol_1;Symbol_10;Symbol_11;Symbol_12;Symbol_13;Symbol_14;Symbol_15;Symbol_16;Symbol_17;Symbol_18;Symbol_19;Symbol_2;Symbol_20;Symbol_21;Symbol_22;Symbol_23;Symbol_24;Symbol_25;Symbol_26;Symbol_27;Symbol_28;Symbol_29;Symbol_3;Symbol_30;Symbol_31;Symbol_32;Symbol_4;Symbol_5;Symbol_6;Symbol_7;Symbol_8;Symbol_9
329,synthetic,train,163,Symbol_1;Symbol_10;Symbol_11;Symbol_12;Symbol_13;Symbol_14;Symbol_15;Symbol_16;Symbol_17;Symbol_18;Symbol_19;Symbol_2;Symbol_20;Symbol_21;Symbol_22;Symbol_23;Symbol_24;Symbol_25;Symbol_26;Symbol_27;Symbol_28;Symbol_29;Symbol_3;Symbol_30;Symbol_31;Symbol_32;Symbol_4;Symbol_5;Symbol_6;Symbol_7;Symbol_8;Symbol_9
33,synthetic,train,170,Symbol_1;Symbol_10;Symbol_11;Symbol_12;Symbol_13;Symbol_14;Symbol_15;Symbol_16;Symbol_17;Symbol_18;Symbol_19;Symbol_2;Symbol_20;Symbol_21;Symbol_22;Symbol_23;Symbol_24;Symbol_25;Symbol_26;Symbol_27;Symbol_28;Symbol_29;Symbol_3;Symbol_30;Symbol_31;Symbol_32;Symbol_4;Symbol_5;Symbol_6;Symbol_7;Symbol_8;Symbol_9
330,synthetic,val,104,Symbol_1;Symbol_10;Symbol_11;Symbol_12;Symbol_13;Symbol_14;Symbol_15;Symbol_16;Symbol_17;Symbol_19;Symbol_2;Symbol_20;Symbol_21;Symbol_22;Symbol_23;Symbol_24;Symbol_25;Symbol_26;Symbol_27;Symbol_28;Symbol_29;Symbol_3;Symbol_30;Symbol_31;Symbol_32;Symbol_4;Symbol_6;Symbol_7;Symbol_8;Symbol_9
331,synthetic,train,118,Symbol_1;Symbol_10;Symbol_11;Symbol_12;Symbol_13;Symbol_14;Symbol_15;Symbol_16;Symbol_17;Symbol_18;Symbol_19;Symbol_2;Symbol_20;Symbol_21;Symbol_22;Symbol_23;Symbol_24;Symbol_25;Symbol_26;Symbol_27;Symbol_29;Symbol_3;Symbol_30;Symbol_31;Symbol_32;Symbol_4;Symbol_5;Symbol_6;Symbol_8;Symbol_9
332,synthetic,train,113,Symbol_1;Symbol_10;Symbol_11;Symbol_12;Symbol_13;Symbol_14;Symbol_15;Symbol_16;Symbol_17;Symbol_18;Symbol_19;Symbol_20;Symbol_21;Symbol_22;Symbol_23;Symbol_24;Symbol_25;Symbol_26;Symbol_27;Symbol_28;Symbol_29;Symbol_3;Symbol_30;Symbol_31;Symbol_32;Symbol_4;Symbol_5;Symbol_6;Symbol_7;Symbol_8;Symbol_9
333,synthetic,train,113,Symbol_1;Symbol_10;Symbol_11;Symbol_12;Symbol_13;Symbol_14;Symbol_15;Symbol_16;Symbol_18;Symbol_19;Symbol_2;Symbol_20;Symbol_21;Symbol_22;Symbol_23;Symbol_24;Symbol_25;Symbol_26;Symbol_27;Symbol_28;Symbol_29;Symbol_3;Symbol_30;Symbol_31;Symbol_32;Symbol_4;Symbol_5;Symbol_6;Symbol_7;Symbol_8;Symbol_9
334,synthetic,train,125,Symbol_1;Symbol_10;Symbol_11;Symbol_12;Symbol_13;Symbol_14;Symbol_15;Symbol_16;Symbol_18;Symbol_19;Symbol_2;Symbol_20;Symbol_21;Symbol_22;Symbol_23;Symbol_24;Symbol_25;Symbol_26;Symbol_27;Symbol_28;Symbol_29;Symbol_3;Symbol_30;Symbol_31;Symbol_32;Symbol_4;Symbol_5;Symbol_6;Symbol_7;Symbol_8;Symbol_9
335,synthetic,train,107,Symbol_1;Symbol_10;Symbol_11;Symbol_12;Symbol_13;Symbol_14;Symbol_15;Symbol_16;Symbol_17;Symbol_18;Symbol_19;Symbol_2;Symbol_20;Symbol_21;Symbol_22;Symbol_23;Symbol_24;Symbol_25;Symbol_26;Symbol_27;Symbol_28;Symbol_29;Symbol_3;Symbol_30;Symbol_31;Symbol_4;Symbol_5;Symbol_6;Symbol_7;Symbol_8;Symbol_9
336,synthetic,train,116,Symbol_1;Symbol_10;Symbol_11;Symbol_12;Symbol_13;Symbol_14;Symbol_15;Symbol_16;Symbol_17;Symbol_18;Symbol_19;Symbol_2;Symbol_20;Symbol_21;Symbol_22;Symbol_23;Symbol_24;Symbol_25;Symbol_27;Symbol_28;Symbol_29;Symbol_3;Symbol_30;Symbol_31;Symbol_32;Symbol_5;Symbol_7;Symbol_8
337,synthetic,train,125,Symbol_1;Symbol_10;Symbol_11;Symbol_12;Symbol_13;Symbol_14;Symbol_15;Symbol_16;Symbol_17;Symbol_18;Symbol_19;Symbol_2;Symbol_20;Symbol_21;Symbol_22;Symbol_23;Symbol_24;Symbol_25;Symbol_26;Symbol_27;Symbol_28;Symbol_29;Symbol_3;Symbol_30;Symbol_31;Symbol_32;Symbol_4;Symbol_5;Symbol_6;Symbol_7;Symbol_8;Symbol_9
338,synthetic,train,121,Symbol_1;Symbol_10;Symbol_11;Symbol_12;Symbol_13;Symbol_14;Symbol_15;Symbol_16;Symbol_17;Symbol_18;Symbol_19;Symbol_2;Symbol_20;Symbol_21;Symbol_22;Symbol_23;Symbol_24;Symbol_25;Symbol_26;Symbol_27;Symbol_28;Symbol_29;Symbol_3;Symbol_30;Symbol_31;Symbol_32;Symbol_4;Symbol_5;Symbol_6;Symbol_7;Symbol_8;Symbol_9
339,synthetic,train,99,Symbol_1;Symbol_10;Symbol_11;Symbol_12;Symbol_13;Symbol_14;Symbol_15;Symbol_16;Symbol_17;Symbol_18;Symbol_19;Symbol_20;Symbol_21;Symbol_22;Symbol_23;Symbol_24;Symbol_25;Symbol_26;Symbol_27;Symbol_28;Symbol_29;Symbol_3;Symbol_30;Symbol_31;Symbol_32;Symbol_4;Symbol_5;Symbol_6;Symbol_7;Symbol_8;Symbol_9
34,synthetic,train,169,Symbol_10;Symbol_11;Symbol_12;Symbol_13;Symbol_14;Symbol_15;Symbol_16;Symbol_17;Symbol_18;Symbol_19;Symbol_2;Symbol_20;Symbol_21;Symbol_22;Symbol_23;Symbol_24;Symbol_25;Symbol_26;Symbol_27;Symbol_28;Symbol_29;Symbol_3;Symbol_30;Symbol_31;Symbol_32;Symbol_4;Symbol_5;Symbol_6;Symbol_7;Symbol_8;Symbol_9
340,synthetic,train,172,Symbol_1;Symbol_10;Symbol_11;Symbol_12;Symbol_13;Symbol_14;Symbol_15;Symbol_16;Symbol_17;Symbol_18;Symbol_19;Symbol_2;Symbol_20;Symbol_21;Symbol_22;Symbol_23;Symbol_24;Symbol_25;Symbol_26;Symbol_27;Symbol_28;Symbol_29;Symbol_3;Symbol_30;Symbol_31;Symbol_32;Symbol_4;Symbol_5;Symbol_6;Symbol_7;Symbol_8;Symbol_9
341,synthetic,train,173,Symbol_1;Symbol_10;Symbol_11;Symbol_12;Symbol_13;Symbol_14;Symbol_15;Symbol_16;Symbol_17;Symbol_18;Symbol_19;Symbol_2;Symbol_20;Symbol_21;Symbol_22;Symbol_23;Symbol_24;Symbol_25;Symbol_26;Symbol_27;Symbol_28;Symbol_29;Symbol_3;Symbol_30;Symbol_31;Symbol_32;Symbol_4;Symbol_5;Symbol_6;Symbol_7;Symbol_8;Symbol_9
342,synthetic,train,171,Symbol_1;Symbol_10;Symbol_11;Symbol_12;Symbol_13;Symbol_14;Symbol_15;Symbol_16;Symbol_17;Symbol_18;Symbol_19;Symbol_2;Symbol_20;Symbol_21;Symbol_22;Symbol_23;Symbol_24;Symbol_25;Symbol_26;Symbol_27;Symbol_28;Symbol_29;Symbol_3;Symbol_30;Symbol_31;Symbol_32;Symbol_4;Symbol_5;Symbol_6;Symbol_7;Symbol_8;Symbol_9
343,synthetic,train,156,Symbol_1;Symbol_10;Symbol_11;Symbol_12;Symbol_13;Symbol_15;Symbol_16;Symbol_17;Symbol_18;Symbol_19;Symbol_2;Symbol_20;Symbol_21;Symbol_22;Symbol_23;Symbol_24;Symbol_25;Symbol_26;Symbol_27;Symbol_28;Symbol_29;Symbol_3;Symbol_30;Symbol_31;Symbol_32;Symbol_4;Symbol_5;Symbol_6;Symbol_7;Symbol_8;Symbol_9
344,synthetic,train,144,Symbol_1;Symbol_10;Symbol_11;Symbol_12;Symbol_13;Symbol_14;Symbol_15;Symbol_16;Symbol_17;Symbol_18;Symbol_19;Symbol_2;Symbol_20;Symbol_21;Symbol_22;Symbol_23;Symbol_24;Symbol_25;Symbol_26;Symbol_27;Symbol_28;Symbol_29;Symbol_3;Symbol_30;Symbol_31;Symbol_32;Symbol_4;Symbol_5;Symbol_6;Symbol_7;Symbol_8;Symbol_9
345,synthetic,val,167,Symbol_1;Symbol_10;Symbol_11;Symbol_12;Symbol_13;Symbol_14;Symbol_16;Symbol_17;Symbol_18;Symbol_19;Symbol_2;Symbol_20;Symbol_21;Symbol_22;Symbol_23;Symbol_24;Symbol_25;Symbol_26;Symbol_27;Symbol_28;Symbol_29;Symbol_3;Symbol_30;Symbol_31;Symbol_32;Symbol_4;Symbol_5;Symbol_6;Symbol_7;Symbol_8;Symbol_9
346,synthetic,train,176,Symbol_1;Symbol_10;Symbol_11;Symbol_12;Symbol_13;Symbol_14;Symbol_15;Symbol_16;Symbol_17;Symbol_18;Symbol_19;Symbol_2;Symbol_20;Symbol_21;Symbol_22;Symbol_23;Symbol_24;Symbol_25;Symbol_26;Symbol_27;Symbol_28;Symbol_29;Symbol_3;Symbol_30;Symbol_31;Symbol_32;Symbol_4;Symbol_5;Symbol_6;Symbol_7;Symbol_8;Symbol_9
347,synthetic,train,152,Symbol_1;Symbol_10;Symbol_11;Symbol_12;Symbol_13;Symbol_14;Symbol_15;Symbol_16;Symbol_17;Symbol_18;Symbol_19;Symbol_2;Symbol_20;Symbol_21;Symbol_22;Symbol_23;Symbol_24;Symbol_25;Symbol_26;Symbol_27;Symbol_28;Symbol_29;Symbol_3;Symbol_30;Symbol_31;Symbol_32;Symbol_4;Symbol_5;Symbol_6;Symbol_7;Symbol_8;Symbol_9
348,synthetic,train,200,Symbol_1;Symbol_10;Symbol_11;Symbol_12;Symbol_13;Symbol_14;Symbol_15;Symbol_16;Symbol_17;Symbol_18;Symbol_19;Symbol_2;Symbol_20;Symbol_21;Symbol_22;Symbol_23;Symbol_24;Symbol_25;Symbol_26;Symbol_27;Symbol_28;Symbol_29;Symbol_3;Symbol_30;Symbol_31;Symbol_32;Symbol_4;Symbol_5;Symbol_6;Symbol_7;Symbol_8;Symbol_9
349,synthetic,train,161,Symbol_1;Symbol_10;Symbol_11;Symbol_12;Symbol_13;Symbol_14;Symbol_15;Symbol_16;Symbol_17;Symbol_18;Symbol_19;Symbol_2;Symbol_20;Symbol_21;Symbol_22;Symbol_23;Symbol_24;Symbol_25;Symbol_26;Symbol_27;Symbol_28;Symbol_29;Symbol_3;Symbol_30;Symbol_31;Symbol_32;Symbol_4;Symbol_5;Symbol_6;Symbol_7;Symbol_8;Symbol_9
35,synthetic,val,162,Symbol_1;Symbol_10;Symbol_11;Symbol_12;Symbol_13;Symbol_14;Symbol_15;Symbol_16;Symbol_17;Symbol_18;Symbol_19;Symbol_2;Symbol_20;Symbol_21;Symbol_22;Symbol_23;Symbol_24;Symbol_25;Symbol_26;Symbol_27;Symbol_28;Symbol_29;Symbol_3;Symbol_30;Symbol_31;Symbol_32;Symbol_4;Symbol_5;Symbol_6;Symbol_7;Symbol_8;Symbol_9
350,synthetic,train,122,Symbol_1;Symbol_10;Symbol_11;Symbol_12;Symbol_13;Symbol_14;Symbol_15;Symbol_16;Symbol_17;Symbol_18;Symbol_19;Symbol_2;Symbol_20;Symbol_21;Symbol_22;Symbol_23;Symbol_24;Symbol_25;Symbol_26;Symbol_27;Symbol_28;Symbol_29;Symbol_3;Symbol_30;Symbol_31;Symbol_32;Symbol_4;Symbol_5;Symbol_6;Symbol_7;Symbol_8;Symbol_9
351,synthetic,train,128,Symbol_1;Symbol_10;Symbol_11;Symbol_12;Symbol_13;Symbol_14;Symbol_15;Symbol_16;Symbol_17;Symbol_18;Symbol_19;Symbol_2;Symbol_20;Symbol_21;Symbol_22;Symbol_23;Symbol_24;Symbol_25;Symbol_26;Symbol_27;Symbol_28;Symbol_29;Symbol_3;Symbol_30;Symbol_31;Symbol_4;Symbol_5;Symbol_6;Symbol_7;Symbol_8;Symbol_9
352,synthetic,val,106,Symbol_1;Symbol_10;Symbol_11;Symbol_12;Symbol_13;Symbol_14;Symbol_15;Symbol_16;Symbol_17;Symbol_18;Symbol_19;Symbol_2;Symbol_20;Symbol_21;Symbol_22;Symbol_23;Symbol_24;Symbol_25;Symbol_27;Symbol_28;Symbol_29;Symbol_3;Symbol_31;Symbol_32;Symbol_4;Symbol_5;Symbol_6;Symbol_8;Symbol_9
353,synthetic,train,99,Symbol_1;Symbol_10;Symbol_11;Symbol_12;Symbol_13;Symbol_14;Symbol_15;Symbol_16;Symbol_17;Symbol_18;Symbol_19;Symbol_2;Symbol_20;Symbol_21;Symbol_22;Symbol_23;Symbol_24;Symbol_25;Symbol_26;Symbol_27;Symbol_28;Symbol_3;Symbol_30;Symbol_31;Symbol_32;Symbol_5;Symbol_6;Symbol_7;Symbol_8;Symbol_9
354,synthetic,train,115,Symbol_1;Symbol_10;Symbol_11;Symbol_12;Symbol_13;Symbol_14;Symbol_15;Symbol_16;Symbol_17;Symbol_18;Symbol_19;Symbol_2;Symbol_20;Symbol_21;Symbol_22;Symbol_23;Symbol_24;Symbol_25;Symbol_26;Symbol_27;Symbol_28;Symbol_29;Symbol_3;Symbol_30;Symbol_31;Symbol_32;Symbol_4;Symbol_5;Symbol_6;Symbol_7;Symbol_8;Symbol_9
355,synthetic,train,113,Symbol_1;Symbol_10;Symbol_11;Symbol_12;Symbol_14;Symbol_15;Symbol_16;Symbol_17;Symbol_18;Symbol_2;Symbol_20;Symbol_21;Symbol_22;Symbol_23;Symbol_24;Symbol_25;Symbol_26;Symbol_27;Symbol_28;Symbol_29;Symbol_3;Symbol_30;Symbol_31;Symbol_32;Symbol_4;Symbol_5;Symbol_6;Symbol_7;Symbol_9
356,synthetic,train,121,Symbol_1;Symbol_10;Symbol_11;Symbol_12;Symbol_13;Symbol_14;Symbol_15;Symbol_16;Symbol_17;Symbol_18;Symbol_19;Symbol_2;Symbol_20;Symbol_21;Symbol_22;Symbol_23;Symbol_24;Symbol_25;Symbol_26;Symbol_27;Symbol_28;Symbol_29;Symbol_3;Symbol_30;Symbol_31;Symbol_32;Symbol_4;Symbol_5;Symbol_6;Symbol_7;Symbol_8;Symbol_9
357,synthetic,val,109,Symbol_1;Symbol_10;Symbol_11;Symbol_12;Symbol_13;Symbol_14;Symbol_15;Symbol_16;Symbol_17;Symbol_18;Symbol_19;Symbol_2;Symbol_20;Symbol_21;Symbol_22;Symbol_23;Symbol_24;Symbol_25;Symbol_26;Symbol_27;Symbol_28;Symbol_29;Symbol_3;Symbol_30;Symbol_31;Symbol_32;Symbol_4;Symbol_5;Symbol_6;Symbol_7;Symbol_8;Symbol_9
358,synthetic,train,135,Symbol_1;Symbol_10;Symbol_11;Symbol_12;Symbol_13;Symbol_14;Symbol_15;Symbol_16;Symbol_17;Symbol_18;Symbol_19;Symbol_2;Symbol_20;Symbol_21;Symbol_22;Symbol_23;Symbol_24;Symbol_25;Symbol_26;Symbol_27;Symbol_28;Symbol_29;Symbol_3;Symbol_30;Symbol_31;Symbol_32;Symbol_4;Symbol_5;Symbol_6;Symbol_7;Symbol_8;Symbol_9
359,synthetic,train,128,Symbol_1;Symbol_10;Symbol_11;Symbol_12;Symbol_13;Symbol_14;Symbol_15;Symbol_17;Symbol_18;Symbol_19;Symbol_2;Symbol_20;Symbol_21;Symbol_22;Symbol_23;Symbol_24;Symbol_25;Symbol_27;Symbol_28;Symbol_29;Symbol_3;Symbol_30;Symbol_31;Symbol_32;Symbol_4;Symbol_5;Symbol_6;Symbol_7;Symbol_8;Symbol_9
36,synthetic,train,166,Symbol_1;Symbol_10;Symbol_11;Symbol_12;Symbol_13;Symbol_14;Symbol_15;Symbol_16;Symbol_17;Symbol_18;Symbol_19;Symbol_2;Symbol_20;Symbol_21;Symbol_22;Symbol_23;Symbol_24;Symbol_25;Symbol_26;Symbol_27;Symbol_28;Symbol_29;Symbol_3;Symbol_30;Symbol_31;Symbol_32;Symbol_4;Symbol_5;Symbol_6;Symbol_7;Symbol_8;Symbol_9
360,synthetic,train,172,Symbol_1;Symbol_10;Symbol_11;Symbol_12;Symbol_13;Symbol_14;Symbol_15;Symbol_16;Symbol_17;Symbol_18;Symbol_19;Symbol_2;Symbol_20;Symbol_21;Symbol_22;Symbol_23;Symbol_24;Symbol_25;Symbol_26;Symbol_27;Symbol_28;Symbol_29;Symbol_3;Symbol_30;Symbol_31;Symbol_32;Symbol_4;Symbol_5;Symbol_6;Symbol_7;Symbol_8;Symbol_9
361,synthetic,train,164,Symbol_1;Symbol_10;Symbol_11;Symbol_12;Symbol_13;Symbol_14;Symbol_15;Symbol_16;Symbol_17;Symbol_18;Symbol_19;Symbol_2;Symbol_20;Symbol_21;Symbol_22;Symbol_23;Symbol_24;Symbol_25;Symbol_26;Symbol_27;Symbol_28;Symbol_29;Symbol_3;Symbol_30;Symbol_31;Symbol_32;Symbol_4;Symbol_5;Symbol_6;Symbol_7;Symbol_8;Symbol_9
362,synthetic,train,170,Symbol_1;Symbol_10;Symbol_11;Symbol_12;Symbol_13;Symbol_14;Symbol_16;Symbol_17;Symbol_18;Symbol_19;Symbol_2;Symbol_20;Symbol_21;Symbol_22;Symbol_23;Symbol_24;Symbol_25;Symbol_27;Symbol_28;Symbol_29;Symbol_3;Symbol_30;Symbol_31;Symbol_32;Symbol_4;Symbol_5;Symbol_6;Symbol_7;Symbol_8;Symbol_9
363,synthetic,train,171,Symbol_1;Symbol_10;Symbol_11;Symbol_12;Symbol_13;Symbol_14;Symbol_15;Symbol_16;Symbol_17;Symbol_18;Symbol_19;Symbol_2;Symbol_20;Symbol_21;Symbol_22;Symbol_23;Symbol_24;Symbol_25;Symbol_26;Symbol_27;Symbol_28;Symbol_29;Symbol_3;Symbol_30;Symbol_31;Symbol_32;Symbol_4;Symbol_5;Symbol_6;Symbol_7;Symbol_8;Symbol_9
364,synthetic,val,160,Symbol_1;Symbol_10;Symbol_11;Symbol_12;Symbol_13;Symbol_14;Symbol_15;Symbol_16;Symbol_17;Symbol_18;Symbol_19;Symbol_2;Symbol_20;Symbol_21;Symbol_22;Symbol_23;Symbol_24;Symbol_25;Symbol_26;Symbol_27;Symbol_28;Symbol_29;Symbol_3;Symbol_30;Symbol_31;Symbol_32;Symbol_4;Symbol_5;Symbol_6;Symbol_7;Symbol_8;Symbol_9
365,synthetic,train,152,Symbol_1;Symbol_10;Symbol_11;Symbol_12;Symbol_13;Symbol_14;Symbol_15;Symbol_16;Symbol_17;Symbol_18;Symbol_19;Symbol_2;Symbol_20;Symbol_21;Symbol_22;Symbol_23;Symbol_24;Symbol_25;Symbol_26;Symbol_27;Symbol_28;Symbol_29;Symbol_3;Symbol_30;Symbol_31;Symbol_4;Symbol_5;Symbol_6;Symbol_7;Symbol_8;Symbol_9
366,synthetic,train,165,Symbol_1;Symbol_10;Symbol_11;Symbol_12;Symbol_13;Symbol_14;Symbol_16;Symbol_17;Symbol_18;Symbol_19;Symbol_2;Symbol_20;Symbol_21;Symbol_22;Symbol_23;Symbol_24;Symbol_25;Symbol_26;Symbol_27;Symbol_28;Symbol_29;Symbol_3;Symbol_30;Symbol_31;Symbol_32;Symbol_4;Symbol_5;Symbol_6;Symbol_7;Symbol_8;Symbol_9
367,synthetic,train,170,Symbol_1;Symbol_10;Symbol_12;Symbol_13;Symbol_14;Symbol_15;Symbol_16;Symbol_17;Symbol_18;Symbol_19;Symbol_2;Symbol_20;Symbol_21;Symbol_22;Symbol_23;Symbol_24;Symbol_25;Symbol_26;Symbol_27;Symbol_28;Symbol_29;Symbol_3;Symbol_30;Symbol_31;Symbol_32;Symbol_4;Symbol_5;Symbol_6;Symbol_7;Symbol_8;Symbol_9
368,synthetic,train,176,Symbol_1;Symbol_10;Symbol_11;Symbol_12;Symbol_13;Symbol_14;Symbol_15;Symbol_16;Symbol_17;Symbol_18;Symbol_19;Symbol_2;Symbol_20;Symbol_21;Symbol_22;Symbol_23;Symbol_24;Symbol_25;Symbol_26;Symbol_27;Symbol_28;Symbol_29;Symbol_3;Symbol_30;Symbol_31;Symbol_32;Symbol_4;Symbol_5;Symbol_6;Symbol_7;Symbol_8;Symbol_9
369,synthetic,train,161,Symbol_10;Symbol_11;Symbol_12;Symbol_13;Symbol_14;Symbol_15;Symbol_16;Symbol_17;Symbol_18;Symbol_19;Symbol_2;Symbol_20;Symbol_21;Symbol_22;Symbol_23;Symbol_24;Symbol_25;Symbol_26;Symbol_27;Symbol_28;Symbol_29;Symbol_3;Symbol_30;Symbol_31;Symbol_32;Symbol_4;Symbol_5;Symbol_6;Symbol_7;Symbol_8;Symbol_9
37,synthetic,val,161,Symbol_1;Symbol_10;Symbol_11;Symbol_12;Symbol_13;Symbol_14;Symbol_15;Symbol_16;Symbol_17;Symbol_18;Symbol_19;Symbol_2;Symbol_20;Symbol_21;Symbol_22;Symbol_23;Symbol_24;Symbol_25;Symbol_26;Symbol_27;Symbol_28;Symbol_29;Symbol_3;Symbol_30;Symbol_31;Symbol_32;Symbol_4;Symbol_5;Symbol_6;Symbol_7;Symbol_8;Symbol_9
370,synthetic,val,138,Symbol_1;Symbol_10;Symbol_11;Symbol_12;Symbol_13;Symbol_14;Symbol_15;Symbol_16;Symbol_17;Symbol_18;Symbol_19;Symbol_2;Symbol_20;Symbol_21;Symbol_22;Symbol_23;Symbol_24;Symbol_25;Symbol_26;Symbol_27;Symbol_28;Symbol_29;Symbol_3;Symbol_30;Symbol_31;Symbol_32;Symbol_4;Symbol_5;Symbol_6;Symbol_7;Symbol_8;Symbol_9
371,synthetic,train,129,Symbol_1;Symbol_10;Symbol_11;Symbol_12;Symbol_13;Symbol_14;Symbol_15;Symbol_16;Symbol_17;Symbol_18;Symbol_19;Symbol_2;Symbol_21;Symbol_22;Symbol_23;Symbol_24;Symbol_25;Symbol_26;Symbol_27;Symbol_28;Symbol_29;Symbol_3;Symbol_30;Symbol_31;Symbol_32;Symbol_4;Symbol_5;Symbol_6;Symbol_7;Symbol_8;Symbol_9
372,synthetic,train,104,Symbol_1;Symbol_10;Symbol_11;Symbol_12;Symbol_13;Symbol_14;Symbol_15;Symbol_16;Symbol_17;Symbol_18;Symbol_19;Symbol_2;Symbol_20;Symbol_21;Symbol_22;Symbol_23;Symbol_24;Symbol_25;Symbol_26;Symbol_27;Symbol_28;Symbol_29;Symbol_3;Symbol_30;Symbol_31;Symbol_32;Symbol_4;Symbol_5;Symbol_6;Symbol_7;Symbol_8;Symbol_9
373,synthetic,train,115,Symbol_1;Symbol_10;Symbol_11;Symbol_12;Symbol_13;Symbol_14;Symbol_15;Symbol_16;Symbol_17;Symbol_18;Symbol_2;Symbol_20;Symbol_21;Symbol_22;Symbol_23;Symbol_24;Symbol_25;Symbol_26;Symbol_27;Symbol_28;Symbol_29;Symbol_3;Symbol_30;Symbol_31;Symbol_32;Symbol_4;Symbol_5;Symbol_6;Symbol_7;Symbol_8;Symbol_9
374,synthetic,train,151,Symbol_1;Symbol_10;Symbol_11;Symbol_12;Symbol_13;Symbol_14;Symbol_15;Symbol_16;Symbol_17;Symbol_19;Symbol_2;Symbol_20;Symbol_21;Symbol_22;Symbol_23;Symbol_24;Symbol_25;Symbol_26;Symbol_27;Symbol_28;Symbol_29;Symbol_3;Symbol_30;Symbol_31;Symbol_32;Symbol_4;Symbol_5;Symbol_6;Symbol_7;Symbol_8;Symbol_9
375,synthetic,train,109,Symbol_1;Symbol_10;Symbol_11;Symbol_12;Symbol_13;Symbol_14;Symbol_15;Symbol_16;Symbol_17;Symbol_18;Symbol_19;Symbol_2;Symbol_20;Symbol_21;Symbol_22;Symbol_24;Symbol_25;Symbol_26;Symbol_27;Symbol_28;Symbol_29;Symbol_3;Symbol_30;Symbol_31;Symbol_32;Symbol_4;Symbol_5;Symbol_6;Symbol_7;Symbol_8;Symbol_9
376,synthetic,val,111,Symbol_1;Symbol_10;Symbol_11;Symbol_12;Symbol_13;Symbol_14;Symbol_15;Symbol_16;Symbol_17;Symbol_18;Symbol_19;Symbol_2;Symbol_20;Symbol_21;Symbol_22;Symbol_23;Symbol_24;Symbol_25;Symbol_26;Symbol_27;Symbol_28;Symbol_29;Symbol_3;Symbol_30;Symbol_31;Symbol_32;Symbol_5;Symbol_6;Symbol_7;Symbol_8;Symbol_9
377,synthetic,val,119,Symbol_1;Symbol_10;Symbol_11;Symbol_12;Symbol_13;Symbol_14;Symbol_15;Symbol_16;Symbol_17;Symbol_18;Symbol_2;Symbol_20;Symbol_21;Symbol_22;Symbol_23;Symbol_24;Symbol_25;Symbol_26;Symbol_27;Symbol_28;Symbol_29;Symbol_3;Symbol_30;Symbol_31;Symbol_32;Symbol_4;Symbol_5;Symbol_6;Symbol_7;Symbol_8;Symbol_9
378,synthetic,train,116,Symbol_1;Symbol_10;Symbol_11;Symbol_12;Symbol_13;Symbol_14;Symbol_15;Symbol_16;Symbol_17;Symbol_18;Symbol_19;Symbol_2;Symbol_20;Symbol_21;Symbol_22;Symbol_23;Symbol_24;Symbol_25;Symbol_26;Symbol_27;Symbol_28;Symbol_29;Symbol_3;Symbol_30;Symbol_31;Symbol_32;Symbol_4;Symbol_5;Symbol_6;Symbol_7;Symbol_8;Symbol_9
379,synthetic,train,111,Symbol_1;Symbol_10;Symbol_11;Symbol_12;Symbol_13;Symbol_14;Symbol_15;Symbol_16;Symbol_17;Symbol_18;Symbol_19;Symbol_2;Symbol_20;Symbol_21;Symbol_22;Symbol_23;Symbol_24;Symbol_25;Symbol_26;Symbol_27;Symbol_28;Symbol_29;Symbol_3;Symbol_31;Symbol_32;Symbol_4;Symbol_5;Symbol_6;Symbol_7;Symbol_8;Symbol_9
38,synthetic,train,162,Symbol_1;Symbol_10;Symbol_11;Symbol_12;Symbol_13;Symbol_14;Symbol_15;Symbol_16;Symbol_17;Symbol_18;Symbol_19;Symbol_2;Symbol_20;Symbol_21;Symbol_22;Symbol_23;Symbol_24;Symbol_25;Symbol_26;Symbol_27;Symbol_28;Symbol_29;Symbol_3;Symbol_30;Symbol_31;Symbol_32;Symbol_4;Symbol_5;Symbol_6;Symbol_7;Symbol_8;Symbol_9
380,synthetic,train,119,Symbol_1;Symbol_10;Symbol_11;Symbol_12;Symbol_13;Symbol_14;Symbol_15;Symbol_16;Symbol_17;Symbol_18;Symbol_19;Symbol_2;Symbol_20;Symbol_21;Symbol_22;Symbol_23;Symbol_24;Symbol_25;Symbol_26;Symbol_27;Symbol_28;Symbol_29;Symbol_3;Symbol_30;Symbol_31;Symbol_32;Symbol_4;Symbol_5;Symbol_6;Symbol_7;Symbol_8;Symbol_9
381,synthetic,train,109,Symbol_1;Symbol_10;Symbol_11;Symbol_12;Symbol_13;Symbol_15;Symbol_16;Symbol_17;Symbol_19;Symbol_2;Symbol_20;Symbol_21;Symbol_22;Symbol_23;Symbol_24;Symbol_26;Symbol_27;Symbol_28;Symbol_29;Symbol_3;Symbol_30;Symbol_31;Symbol_32;Symbol_4;Symbol_5;Symbol_6;Symbol_7;Symbol_8;Symbol_9
382,synthetic,train,123,Symbol_1;Symbol_10;Symbol_11;Symbol_12;Symbol_13;Symbol_14;Symbol_15;Symbol_16;Symbol_17;Symbol_18;Symbol_19;Symbol_2;Symbol_20;Symbol_21;Symbol_22;Symbol_23;Symbol_24;Symbol_25;Symbol_26;Symbol_27;Symbol_28;Symbol_29;Symbol_3;Symbol_30;Symbol_31;Symbol_32;Symbol_4;Symbol_5;Symbol_6;Symbol_7;Symbol_8;Symbol_9
383,synthetic,val,108,Symbol_1;Symbol_10;Symbol_11;Symbol_12;Symbol_13;Symbol_14;Symbol_15;Symbol_16;Symbol_17;Symbol_18;Symbol_19;Symbol_2;Symbol_20;Symbol_21;Symbol_22;Symbol_23;Symbol_24;Symbol_25;Symbol_26;Symbol_27;Symbol_28;Symbol_29;Symbol_3;Symbol_30;Symbol_31;Symbol_32;Symbol_4;Symbol_5;Symbol_6;Symbol_8;Symbol_9
384,synthetic,train,85,Symbol_1;Symbol_10;Symbol_11;Symbol_12;Symbol_13;Symbol_14;Symbol_15;Symbol_16;Symbol_17;Symbol_18;Symbol_19;Symbol_2;Symbol_20;Symbol_21;Symbol_22;Symbol_23;Symbol_25;Symbol_26;Symbol_27;Symbol_28;Symbol_29;Symbol_3;Symbol_30;Symbol_31;Symbol_32;Symbol_4;Symbol_5;Symbol_6;Symbol_7;Symbol_8;Symbol_9
385,synthetic,train,97,Symbol_1;Symbol_10;Symbol_11;Symbol_12;Symbol_13;Symbol_14;Symbol_16;Symbol_17;Symbol_18;Symbol_19;Symbol_2;Symbol_21;Symbol_22;Symbol_23;Symbol_24;Symbol_25;Symbol_26;Symbol_27;Symbol_28;Symbol_29;Symbol_3;Symbol_30;Symbol_31;Symbol_32;Symbol_4;Symbol_5;Symbol_6;Symbol_7;Symbol_8;Symbol_9
386,synthetic,train,95,Symbol_1;Symbol_10;Symbol_11;Symbol_12;Symbol_13;Symbol_14;Symbol_15;Symbol_16;Symbol_17;Symbol_19;Symbol_2;Symbol_20;Symbol_21;Symbol_22;Symbol_23;Symbol_24;Symbol_25;Symbol_26;Symbol_27;Symbol_28;Symbol_29;Symbol_3;Symbol_30;Symbol_31;Symbol_4;Symbol_5;Symbol_6;Symbol_7;Symbol_8;Symbol_9
387,synthetic,train,120,Symbol_1;Symbol_10;Symbol_11;Symbol_12;Symbol_13;Symbol_14;Symbol_15;Symbol_16;Symbol_17;Symbol_18;Symbol_19;Symbol_2;Symbol_20;Symbol_21;Symbol_22;Symbol_23;Symbol_24;Symbol_25;Symbol_26;Symbol_27;Symbol_28;Symbol_29;Symbol_3;Symbol_30;Symbol_31;Symbol_32;Symbol_4;Symbol_5;Symbol_6;Symbol_7;Symbol_8;Symbol_9
388,synthetic,val,104,Symbol_1;Symbol_10;Symbol_11;Symbol_12;Symbol_13;Symbol_14;Symbol_15;Symbol_16;Symbol_17;Symbol_18;Symbol_19;Symbol_2;Symbol_20;Symbol_21;Symbol_22;Symbol_23;Symbol_24;Symbol_26;Symbol_27;Symbol_28;Symbol_29;Symbol_3;Symbol_30;Symbol_31;Symbol_32;Symbol_4;Symbol_5;Symbol_6;Symbol_7;Symbol_8;Symbol_9
389,synthetic,train,102,Symbol_1;Symbol_10;Symbol_11;Symbol_12;Symbol_13;Symbol_14;Symbol_15;Symbol_16;Symbol_17;Symbol_18;Symbol_19;Symbol_2;Symbol_21;Symbol_22;Symbol_23;Symbol_24;Symbol_25;Symbol_26;Symbol_27;Symbol_28;Symbol_29;Symbol_3;Symbol_30;Symbol_31;Symbol_32;Symbol_4;Symbol_5;Symbol_6;Symbol_7;Symbol_8;Symbol_9
39,synthetic,train,172,Symbol_1;Symbol_10;Symbol_11;Symbol_12;Symbol_13;Symbol_14;Symbol_15;Symbol_16;Symbol_17;Symbol_18;Symbol_19;Symbol_2;Symbol_20;Symbol_21;Symbol_22;Symbol_23;Symbol_24;Symbol_25;Symbol_26;Symbol_27;Symbol_28;Symbol_29;Symbol_3;Symbol_30;Symbol_31;Symbol_32;Symbol_4;Symbol_5;Symbol_6;Symbol_7;Symbol_8;Symbol_9
390,synthetic,train,97,Symbol_1;Symbol_10;Symbol_11;Symbol_12;Symbol_13;Symbol_14;Symbol_15;Symbol_16;Symbol_17;Symbol_18;Symbol_19;Symbol_20;Symbol_21;Symbol_22;Symbol_23;Symbol_25;Symbol_26;Symbol_27;Symbol_28;Symbol_29;Symbol_3;Symbol_30;Symbol_31;Symbol_32;Symbol_4;Symbol_5;Symbol_6;Symbol_7;Symbol_8;Symbol_9
391,synthetic,val,101,Symbol_1;Symbol_10;Symbol_11;Symbol_12;Symbol_13;Symbol_14;Symbol_15;Symbol_16;Symbol_17;Symbol_18;Symbol_19;Symbol_2;Symbol_20;Symbol_21;Symbol_22;Symbol_23;Symbol_24;Symbol_25;Symbol_26;Symbol_28;Symbol_29;Symbol_3;Symbol_30;Symbol_31;Symbol_32;Symbol_4;Symbol_5;Symbol_6;Symbol_7;Symbol_8;Symbol_9
392,synthetic,train,104,Symbol_1;Symbol_10;Symbol_11;Symbol_12;Symbol_13;Symbol_14;Symbol_15;Symbol_16;Symbol_17;Symbol_18;Symbol_19;Symbol_2;Symbol_20;Symbol_21;Symbol_22;Symbol_23;Symbol_24;Symbol_25;Symbol_26;Symbol_27;Symbol_28;Symbol_29;Symbol_3;Symbol_30;Symbol_31;Symbol_32;Symbol_4;Symbol_5;Symbol_6;Symbol_7;Symbol_8;Symbol_9
393,synthetic,val,121,Symbol_1;Symbol_10;Symbol_11;Symbol_12;Symbol_13;Symbol_14;Symbol_15;Symbol_17;Symbol_18;Symbol_19;Symbol_2;Symbol_20;Symbol_21;Symbol_22;Symbol_23;Symbol_24;Symbol_25;Symbol_27;Symbol_28;Symbol_29;Symbol_3;Symbol_30;Symbol_31;Symbol_32;Symbol_4;Symbol_5;Symbol_6;Symbol_7;Symbol_8;Symbol_9
394,synthetic,train,86,Symbol_1;Symbol_10;Symbol_11;Symbol_12;Symbol_13;Symbol_14;Symbol_15;Symbol_16;Symbol_17;Symbol_18;Symbol_19;Symbol_20;Symbol_21;Symbol_22;Symbol_23;Symbol_24;Symbol_25;Symbol_26;Symbol_27;Symbol_28;Symbol_29;Symbol_3;Symbol_30;Symbol_32;Symbol_4;Symbol_5;Symbol_6;Symbol_8;Symbol_9
395,synthetic,train,100,Symbol_1;Symbol_10;Symbol_11;Symbol_12;Symbol_13;Symbol_14;Symbol_15;Symbol_16;Symbol_17;Symbol_18;Symbol_19;Symbol_2;Symbol_20;Symbol_21;Symbol_22;Symbol_23;Symbol_24;Symbol_25;Symbol_26;Symbol_27;Symbol_28;Symbol_29;Symbol_3;Symbol_30;Symbol_31;Symbol_32;Symbol_4;Symbol_5;Symbol_6;Symbol_7;Symbol_8;Symbol_9
396,synthetic,train,127,Symbol_1;Symbol_10;Symbol_11;Symbol_12;Symbol_13;Symbol_14;Symbol_15;Symbol_16;Symbol_17;Symbol_18;Symbol_19;Symbol_2;Symbol_21;Symbol_22;Symbol_23;Symbol_25;Symbol_26;Symbol_27;Symbol_28;Symbol_29;Symbol_3;Symbol_30;Symbol_31;Symbol_32;Symbol_4;Symbol_5;Symbol_6;Symbol_7;Symbol_8;Symbol_9
397,synthetic,val,95,Symbol_1;Symbol_10;Symbol_11;Symbol_12;Symbol_14;Symbol_15;Symbol_16;Symbol_17;Symbol_18;Symbol_19;Symbol_2;Symbol_20;Symbol_21;Symbol_22;Symbol_23;Symbol_24;Symbol_25;Symbol_26;Symbol_27;Symbol_28;Symbol_29;Symbol_3;Symbol_30;Symbol_31;Symbol_32;Symbol_4;Symbol_5;Symbol_6;Symbol_7;Symbol_8;Symbol_9
398,synthetic,val,94,Symbol_1;Symbol_10;Symbol_11;Symbol_12;Symbol_13;Symbol_14;Symbol_16;Symbol_17;Symbol_18;Symbol_19;Symbol_2;Symbol_20;Symbol_21;Symbol_22;Symbol_23;Symbol_24;Symbol_26;Symbol_27;Symbol_28;Symbol_29;Symbol_3;Symbol_30;Symbol_31;Symbol_32;Symbol_4;Symbol_5;Symbol_6;Symbol_7;Symbol_8;Symbol_9
399,synthetic,train,108,Symbol_10;Symbol_11;Symbol_12;Symbol_13;Symbol_14;Symbol_15;Symbol_16;Symbol_17;Symbol_18;Symbol_19;Symbol_2;Symbol_20;Symbol_21;Symbol_22;Symbol_23;Symbol_24;Symbol_25;Symbol_26;Symbol_27;Symbol_28;Symbol_29;Symbol_3;Symbol_30;Symbol_31;Symbol_32;Symbol_4;Symbol_5;Symbol_6;Symbol_7;Symbol_8;Symbol_9
4,synthetic,train,124,Symbol_1;Symbol_10;Symbol_11;Symbol_12;Symbol_13;Symbol_14;Symbol_15;Symbol_16;Symbol_17;Symbol_18;Symbol_19;Symbol_2;Symbol_20;Symbol_21;Symbol_22;Symbol_23;Symbol_24;Symbol_25;Symbol_26;Symbol_27;Symbol_28;Symbol_29;Symbol_3;Symbol_30;Symbol_32;Symbol_4;Symbol_5;Symbol_6;Symbol_7;Symbol_8;Symbol_9
40,synthetic,train,93,Symbol_1;Symbol_10;Symbol_11;Symbol_12;Symbol_13;Symbol_14;Symbol_15;Symbol_16;Symbol_17;Symbol_18;Symbol_19;Symbol_2;Symbol_21;Symbol_22;Symbol_23;Symbol_24;Symbol_25;Symbol_26;Symbol_27;Symbol_28;Symbol_29;Symbol_3;Symbol_30;Symbol_31;Symbol_32;Symbol_4;Symbol_5;Symbol_6;Symbol_7;Symbol_8;Symbol_9
400,synthetic,train,104,Symbol_1;Symbol_10;Symbol_11;Symbol_12;Symbol_13;Symbol_14;Symbol_15;Symbol_16;Symbol_17;Symbol_18;Symbol_19;Symbol_2;Symbol_20;Symbol_21;Symbol_22;Symbol_23;Symbol_24;Symbol_25;Symbol_26;Symbol_27;Symbol_28;Symbol_29;Symbol_3;Symbol_30;Symbol_31;Symbol_32;Symbol_4;Symbol_5;Symbol_6;Symbol_7;Symbol_8;Symbol_9
401,synthetic,train,90,Symbol_1;Symbol_10;Symbol_11;Symbol_12;Symbol_13;Symbol_14;Symbol_15;Symbol_17;Symbol_18;Symbol_19;Symbol_2;Symbol_21;Symbol_22;Symbol_23;Symbol_24;Symbol_25;Symbol_26;Symbol_27;Symbol_29;Symbol_3;Symbol_30;Symbol_31;Symbol_32;Symbol_4;Symbol_5;Symbol_6;Symbol_7;Symbol_8;Symbol_9
402,synthetic,val,82,Symbol_1;Symbol_10;Symbol_11;Symbol_12;Symbol_13;Symbol_14;Symbol_15;Symbol_16;Symbol_17;Symbol_18;Symbol_19;Symbol_2;Symbol_20;Symbol_21;Symbol_22;Symbol_23;Symbol_24;Symbol_25;Symbol_26;Symbol_27;Symbol_28;Symbol_29;Symbol_3;Symbol_30;Symbol_31;Symbol_32;Symbol_4;Symbol_5;Symbol_6;Symbol_7;Symbol_8;Symbol_9
403,synthetic,train,120,Symbol_10;Symbol_11;Symbol_12;Symbol_13;Symbol_15;Symbol_16;Symbol_17;Symbol_18;Symbol_19;Symbol_2;Symbol_20;Symbol_21;Symbol_22;Symbol_23;Symbol_24;Symbol_26;Symbol_27;Symbol_28;Symbol_29;Symbol_3;Symbol_30;Symbol_4;Symbol_5;Symbol_6;Symbol_7;Symbol_9
404,synthetic,train,113,Symbol_1;Symbol_10;Symbol_11;Symbol_12;Symbol_13;Symbol_15;Symbol_16;Symbol_17;Symbol_18;Symbol_19;Symbol_2;Symbol_20;Symbol_21;Symbol_22;Symbol_23;Symbol_24;Symbol_25;Symbol_26;Symbol_27;Symbol_28;Symbol_29;Symbol_3;Symbol_30;Symbol_31;Symbol_32;Symbol_4;Symbol_5;Symbol_6;Symbol_7;Symbol_8;Symbol_9
405,synthetic,train,121,Symbol_10;Symbol_11;Symbol_12;Symbol_13;Symbol_14;Symbol_15;Symbol_16;Symbol_17;Symbol_18;Symbol_19;Symbol_2;Symbol_20;Symbol_21;Symbol_22;Symbol_23;Symbol_24;Symbol_25;Symbol_26;Symbol_27;Symbol_28;Symbol_29;Symbol_3;Symbol_30;Symbol_31;Symbol_32;Symbol_4;Symbol_5;Symbol_6;Symbol_7;Symbol_8;Symbol_9
406,synthetic,train,94,Symbol_1;Symbol_11;Symbol_12;Symbol_13;Symbol_14;Symbol_15;Symbol_16;Symbol_17;Symbol_18;Symbol_19;Symbol_2;Symbol_20;Symbol_21;Symbol_22;Symbol_23;Symbol_24;Symbol_25;Symbol_27;Symbol_28;Symbol_29;Symbol_3;Symbol_30;Symbol_32;Symbol_4;Symbol_5;Symbol_6;Symbol_7;Symbol_8
407,synthetic,val,115,Symbol_1;Symbol_10;Symbol_11;Symbol_12;Symbol_13;Symbol_14;Symbol_15;Symbol_16;Symbol_17;Symbol_18;Symbol_19;Symbol_2;Symbol_21;Symbol_22;Symbol_23;Symbol_24;Symbol_25;Symbol_26;Symbol_27;Symbol_28;Symbol_29;Symbol_3;Symbol_30;Symbol_31;Symbol_32;Symbol_4;Symbol_5;Symbol_6;Symbol_7;Symbol_8;Symbol_9
408,synthetic,train,104,Symbol_1;Symbol_10;Symbol_11;Symbol_13;Symbol_14;Symbol_15;Symbol_16;Symbol_17;Symbol_18;Symbol_19;Symbol_2;Symbol_20;Symbol_21;Symbol_22;Symbol_23;Symbol_24;Symbol_25;Symbol_26;Symbol_27;Symbol_28;Symbol_29;Symbol_3;Symbol_30;Symbol_31;Symbol_32;Symbol_4;Symbol_5;Symbol_6;Symbol_7;Symbol_9
409,synthetic,train,99,Symbol_1;Symbol_10;Symbol_11;Symbol_12;Symbol_13;Symbol_14;Symbol_15;Symbol_16;Symbol_17;Symbol_18;Symbol_19;Symbol_2;Symbol_20;Symbol_21;Symbol_22;Symbol_23;Symbol_24;Symbol_25;Symbol_26;Symbol_27;Symbol_28;Symbol_29;Symbol_3;Symbol_31;Symbol_32;Symbol_5;Symbol_6;Symbol_7;Symbol_8;Symbol_9
41,synthetic,val,88,Symbol_1;Symbol_10;Symbol_11;Symbol_12;Symbol_13;Symbol_14;Symbol_15;Symbol_16;Symbol_17;Symbol_18;Symbol_19;Symbol_2;Symbol_20;Symbol_21;Symbol_22;Symbol_23;Symbol_25;Symbol_26;Symbol_27;Symbol_28;Symbol_29;Symbol_30;Symbol_31;Symbol_32;Symbol_4;Symbol_5;Symbol_6;Symbol_7;Symbol_8;Symbol_9
410,synthetic,train,107,Symbol_1;Symbol_10;Symbol_13;Symbol_14;Symbol_15;Symbol_16;Symbol_17;Symbol_18;Symbol_19;Symbol_2;Symbol_20;Symbol_21;Symbol_22;Symbol_23;Symbol_24;Symbol_25;Symbol_26;Symbol_27;Symbol_29;Symbol_3;Symbol_30;Symbol_31;Symbol_32;Symbol_4;Symbol_5;Symbol_6;Symbol_7;Symbol_8;Symbol_9
411,synthetic,train,107,Symbol_1;Symbol_10;Symbol_11;Symbol_12;Symbol_13;Symbol_14;Symbol_16;Symbol_17;Symbol_18;Symbol_19;Symbol_2;Symbol_20;Symbol_21;Symbol_22;Symbol_23;Symbol_24;Symbol_25;Symbol_26;Symbol_27;Symbol_28;Symbol_29;Symbol_3;Symbol_31;Symbol_32;Symbol_4;Symbol_5;Symbol_6;Symbol_7;Symbol_8;Symbol_9
412,synthetic,val,105,Symbol_1;Symbol_10;Symbol_11;Symbol_12;Symbol_13;Symbol_14;Symbol_15;Symbol_16;Symbol_17;Symbol_18;Symbol_19;Symbol_2;Symbol_20;Symbol_21;Symbol_22;Symbol_23;Symbol_24;Symbol_25;Symbol_26;Symbol_27;Symbol_28;Symbol_29;Symbol_3;Symbol_30;Symbol_31;Symbol_32;Symbol_4;Symbol_5;Symbol_6;Symbol_7;Symbol_8
413,synthetic,train,97,Symbol_10;Symbol_12;Symbol_13;Symbol_14;Symbol_15;Symbol_16;Symbol_17;Symbol_18;Symbol_19;Symbol_2;Symbol_20;Symbol_21;Symbol_22;Symbol_23;Symbol_24;Symbol_25;Symbol_26;Symbol_28;Symbol_29;Symbol_3;Symbol_30;Symbol_31;Symbol_32;Symbol_4;Symbol_5;Symbol_7;Symbol_8;Symbol_9
414,synthetic,train,107,Symbol_1;Symbol_10;Symbol_11;Symbol_12;Symbol_13;Symbol_14;Symbol_15;Symbol_16;Symbol_17;Symbol_18;Symbol_19;Symbol_2;Symbol_20;Symbol_21;Symbol_22;Symbol_23;Symbol_24;Symbol_25;Symbol_26;Symbol_27;Symbol_29;Symbol_3;Symbol_30;Symbol_31;Symbol_32;Symbol_4;Symbol_6;Symbol_7;Symbol_8;Symbol_9
415,synthetic,train,91,Symbol_1;Symbol_10;Symbol_11;Symbol_12;Symbol_13;Symbol_14;Symbol_15;Symbol_16;Symbol_17;Symbol_18;Symbol_2;Symbol_20;Symbol_21;Symbol_22;Symbol_23;Symbol_24;Symbol_26;Symbol_27;Symbol_28;Symbol_29;Symbol_3;Symbol_30;Symbol_31;Symbol_32;Symbol_4;Symbol_5;Symbol_6;Symbol_7;Symbol_8;Symbol_9
416,synthetic,train,88,Symbol_1;Symbol_10;Symbol_12;Symbol_13;Symbol_14;Symbol_15;Symbol_16;Symbol_17;Symbol_19;Symbol_2;Symbol_20;Symbol_21;Symbol_22;Symbol_23;Symbol_24;Symbol_25;Symbol_26;Symbol_27;Symbol_28;Symbol_29;Symbol_3;Symbol_30;Symbol_31;Symbol_32;Symbol_4;Symbol_5;Symbol_6;Symbol_7;Symbol_8;Symbol_9
417,synthetic,train,93,Symbol_1;Symbol_10;Symbol_11;Symbol_12;Symbol_13;Symbol_14;Symbol_15;Symbol_16;Symbol_17;Symbol_18;Symbol_19;Symbol_2;Symbol_20;Symbol_21;Symbol_22;Symbol_23;Symbol_24;Symbol_25;Symbol_26;Symbol_27;Symbol_28;Symbol_29;Symbol_31;Symbol_32;Symbol_4;Symbol_5;Symbol_6;Symbol_7;Symbol_8;Symbol_9
418,synthetic,train,106,Symbol_1;Symbol_10;Symbol_12;Symbol_13;Symbol_14;Symbol_15;Symbol_16;Symbol_17;Symbol_18;Symbol_19;Symbol_2;Symbol_20;Symbol_21;Symbol_22;Symbol_23;Symbol_24;Symbol_25;Symbol_27;Symbol_28;Symbol_3;Symbol_30;Symbol_31;Symbol_32;Symbol_4;Symbol_5;Symbol_6;Symbol_7;Symbol_8;Symbol_9
419,synthetic,train,105,Symbol_1;Symbol_10;Symbol_11;Symbol_12;Symbol_13;Symbol_14;Symbol_15;Symbol_16;Symbol_17;Symbol_18;Symbol_19;Symbol_2;Symbol_20;Symbol_21;Symbol_22;Symbol_23;Symbol_24;Symbol_25;Symbol_26;Symbol_27;Symbol_28;Symbol_29;Symbol_3;Symbol_30;Symbol_31;Symbol_32;Symbol_4;Symbol_5;Symbol_6;Symbol_7;Symbol_8;Symbol_9
42,synthetic,val,108,Symbol_1;Symbol_12;Symbol_13;Symbol_14;Symbol_15;Symbol_16;Symbol_17;Symbol_18;Symbol_19;Symbol_2;Symbol_20;Symbol_21;Symbol_22;Symbol_23;Symbol_24;Symbol_25;Symbol_26;Symbol_27;Symbol_28;Symbol_29;Symbol_3;Symbol_30;Symbol_31;Symbol_32;Symbol_4;Symbol_5;Symbol_7;Symbol_8;Symbol_9
420,synthetic,train,98,Symbol_1;Symbol_10;Symbol_11;Symbol_12;Symbol_13;Symbol_14;Symbol_15;Symbol_16;Symbol_17;Symbol_18;Symbol_19;Symbol_2;Symbol_20;Symbol_21;Symbol_22;Symbol_23;Symbol_24;Symbol_25;Symbol_26;Symbol_27;Symbol_29;Symbol_3;Symbol_30;Symbol_32;Symbol_4;Symbol_5;Symbol_6;Symbol_7;Symbol_8;Symbol_9
421,synthetic,val,110,Symbol_1;Symbol_10;Symbol_11;Symbol_12;Symbol_13;Symbol_14;Symbol_15;Symbol_16;Symbol_17;Symbol_18;Symbol_19;Symbol_2;Symbol_20;Symbol_21;Symbol_22;Symbol_23;Symbol_24;Symbol_25;Symbol_27;Symbol_28;Symbol_29;Symbol_3;Symbol_30;Symbol_31;Symbol_32;Symbol_4;Symbol_5;Symbol_6;Symbol_7;Symbol_8;Symbol_9
422,synthetic,val,96,Symbol_1;Symbol_10;Symbol_11;Symbol_12;Symbol_13;Symbol_14;Symbol_15;Symbol_16;Symbol_17;Symbol_18;Symbol_19;Symbol_2;Symbol_20;Symbol_21;Symbol_22;Symbol_23;Symbol_25;Symbol_26;Symbol_27;Symbol_28;Symbol_29;Symbol_3;Symbol_30;Symbol_31;Symbol_32;Symbol_4;Symbol_5;Symbol_6;Symbol_7;Symbol_8;Symbol_9
423,synthetic,train,92,Symbol_1;Symbol_10;Symbol_11;Symbol_12;Symbol_13;Symbol_14;Symbol_15;Symbol_16;Symbol_17;Symbol_18;Symbol_2;Symbol_20;Symbol_21;Symbol_22;Symbol_23;Symbol_24;Symbol_25;Symbol_26;Symbol_27;Symbol_28;Symbol_29;Symbol_3;Symbol_30;Symbol_31;Symbol_4;Symbol_5;Symbol_6;Symbol_7;Symbol_8;Symbol_9
424,synthetic,train,111,Symbol_1;Symbol_11;Symbol_12;Symbol_13;Symbol_14;Symbol_15;Symbol_16;Symbol_17;Symbol_18;Symbol_19;Symbol_2;Symbol_20;Symbol_21;Symbol_22;Symbol_23;Symbol_24;Symbol_25;Symbol_26;Symbol_27;Symbol_28;Symbol_29;Symbol_3;Symbol_30;Symbol_31;Symbol_32;Symbol_4;Symbol_5;Symbol_6;Symbol_7;Symbol_8;Symbol_9
425,synthetic,train,104,Symbol_10;Symbol_11;Symbol_12;Symbol_13;Symbol_14;Symbol_15;Symbol_16;Symbol_17;Symbol_18;Symbol_19;Symbol_2;Symbol_20;Symbol_21;Symbol_22;Symbol_23;Symbol_24;Symbol_25;Symbol_26;Symbol_27;Symbol_28;Symbol_29;Symbol_3;Symbol_30;Symbol_31;Symbol_32;Symbol_4;Symbol_5;Symbol_6;Symbol_7;Symbol_8;Symbol_9
426,synthetic,train,120,Symbol_1;Symbol_10;Symbol_11;Symbol_12;Symbol_13;Symbol_14;Symbol_15;Symbol_16;Symbol_17;Symbol_18;Symbol_19;Symbol_2;Symbol_20;Symbol_21;Symbol_22;Symbol_23;Symbol_24;Symbol_25;Symbol_26;Symbol_27;Symbol_28;Symbol_29;Symbol_3;Symbol_30;Symbol_31;Symbol_32;Symbol_4;Symbol_5;Symbol_6;Symbol_7;Symbol_8;Symbol_9
427,synthetic,train,107,Symbol_10;Symbol_11;Symbol_12;Symbol_13;Symbol_14;Symbol_15;Symbol_16;Symbol_17;Symbol_18;Symbol_19;Symbol_2;Symbol_20;Symbol_21;Symbol_23;Symbol_24;Symbol_25;Symbol_26;Symbol_27;Symbol_28;Symbol_29;Symbol_3;Symbol_30;Symbol_31;Symbol_32;Symbol_4;Symbol_7;Symbol_8;Symbol_9
428,synthetic,val,113,Symbol_1;Symbol_10;Symbol_11;Symbol_12;Symbol_13;Symbol_14;Symbol_15;Symbol_16;Symbol_17;Symbol_18;Symbol_19;Symbol_2;Symbol_20;Symbol_21;Symbol_22;Symbol_23;Symbol_24;Symbol_25;Symbol_26;Symbol_27;Symbol_28;Symbol_29;Symbol_3;Symbol_30;Symbol_31;Symbol_32;Symbol_4;Symbol_5;Symbol_6;Symbol_7;Symbol_8;Symbol_9
429,synthetic,train,97,Symbol_1;Symbol_10;Symbol_11;Symbol_12;Symbol_13;Symbol_14;Symbol_15;Symbol_16;Symbol_17;Symbol_18;Symbol_19;Symbol_2;Symbol_20;Symbol_21;Symbol_22;Symbol_23;Symbol_24;Symbol_25;Symbol_26;Symbol_27;Symbol_28;Symbol_3;Symbol_30;Symbol_32;Symbol_4;Symbol_6;Symbol_7;Symbol_8;Symbol_9
43,synthetic,train,101,Symbol_1;Symbol_11;Symbol_12;Symbol_13;Symbol_14;Symbol_15;Symbol_16;Symbol_17;Symbol_18;Symbol_19;Symbol_2;Symbol_20;Symbol_21;Symbol_22;Symbol_23;Symbol_24;Symbol_25;Symbol_26;Symbol_27;Symbol_28;Symbol_29;Symbol_3;Symbol_30;Symbol_31;Symbol_32;Symbol_4;Symbol_5;Symbol_6;Symbol_7;Symbol_8;Symbol_9
430,synthetic,train,110,Symbol_1;Symbol_10;Symbol_11;Symbol_12;Symbol_13;Symbol_15;Symbol_16;Symbol_17;Symbol_18;Symbol_19;Symbol_2;Symbol_20;Symbol_21;Symbol_22;Symbol_23;Symbol_24;Symbol_25;Symbol_26;Symbol_27;Symbol_28;Symbol_29;Symbol_3;Symbol_30;Symbol_31;Symbol_32;Symbol_4;Symbol_5;Symbol_6;Symbol_7;Symbol_8;Symbol_9
431,synthetic,train,97,Symbol_1;Symbol_10;Symbol_11;Symbol_12;Symbol_14;Symbol_15;Symbol_16;Symbol_17;Symbol_18;Symbol_19;Symbol_2;Symbol_20;Symbol_21;Symbol_22;Symbol_23;Symbol_24;Symbol_25;Symbol_27;Symbol_28;Symbol_29;Symbol_3;Symbol_30;Symbol_31;Symbol_4;Symbol_5;Symbol_6;Symbol_7;Symbol_8;Symbol_9
432,synthetic,train,89,Symbol_1;Symbol_10;Symbol_11;Symbol_12;Symbol_13;Symbol_14;Symbol_15;Symbol_16;Symbol_17;Symbol_18;Symbol_19;Symbol_2;Symbol_20;Symbol_21;Symbol_22;Symbol_23;Symbol_24;Symbol_25;Symbol_27;Symbol_28;Symbol_29;Symbol_3;Symbol_30;Symbol_31;Symbol_32;Symbol_4;Symbol_5;Symbol_6;Symbol_7;Symbol_8;Symbol_9
433,synthetic,train,80,Symbol_10;Symbol_11;Symbol_12;Symbol_13;Symbol_14;Symbol_15;Symbol_16;Symbol_17;Symbol_20;Symbol_21;Symbol_23;Symbol_24;Symbol_25;Symbol_26;Symbol_27;Symbol_28;Symbol_29;Symbol_30;Symbol_31;Symbol_32;Symbol_4;Symbol_5;Symbol_6;Symbol_7;Symbol_8;Symbol_9
434,synthetic,val,101,Symbol_1;Symbol_10;Symbol_12;Symbol_13;Symbol_14;Symbol_15;Symbol_16;Symbol_17;Symbol_18;Symbol_19;Symbol_2;Symbol_20;Symbol_21;Symbol_22;Symbol_23;Symbol_24;Symbol_25;Symbol_26;Symbol_27;Symbol_28;Symbol_29;Symbol_3;Symbol_30;Symbol_31;Symbol_32;Symbol_4;Symbol_5;Symbol_6;Symbol_7;Symbol_8;Symbol_9
435,synthetic,train,99,Symbol_1;Symbol_10;Symbol_11;Symbol_12;Symbol_13;Symbol_14;Symbol_15;Symbol_16;Symbol_17;Symbol_18;Symbol_19;Symbol_2;Symbol_20;Symbol_21;Symbol_22;Symbol_23;Symbol_24;Symbol_25;Symbol_26;Symbol_27;Symbol_28;Symbol_29;Symbol_3;Symbol_30;Symbol_31;Symbol_32;Symbol_4;Symbol_5;Symbol_6;Symbol_7;Symbol_8;Symbol_9
436,synthetic,train,104,Symbol_1;Symbol_10;Symbol_11;Symbol_12;Symbol_13;Symbol_14;Symbol_15;Symbol_16;Symbol_17;Symbol_18;Symbol_2;Symbol_20;Symbol_21;Symbol_22;Symbol_23;Symbol_24;Symbol_25;Symbol_26;Symbol_27;Symbol_28;Symbol_29;Symbol_3;Symbol_30;Symbol_31;Symbol_32;Symbol_4;Symbol_5;Symbol_6;Symbol_7;Symbol_8;Symbol_9
437,synthetic,train,122,Symbol_1;Symbol_10;Symbol_11;Symbol_12;Symbol_13;Symbol_15;Symbol_16;Symbol_17;Symbol_18;Symbol_19;Symbol_2;Symbol_20;Symbol_21;Symbol_23;Symbol_24;Symbol_25;Symbol_26;Symbol_27;Symbol_28;Symbol_29;Symbol_3;Symbol_30;Symbol_31;Symbol_32;Symbol_4;Symbol_5;Symbol_6;Symbol_7;Symbol_8;Symbol_9
438,synthetic,val,97,Symbol_1;Symbol_10;Symbol_11;Symbol_12;Symbol_13;Symbol_14;Symbol_15;Symbol_16;Symbol_17;Symbol_18;Symbol_19;Symbol_2;Symbol_20;Symbol_21;Symbol_22;Symbol_23;Symbol_24;Symbol_25;Symbol_27;Symbol_28;Symbol_29;Symbol_3;Symbol_31;Symbol_32;Symbol_4;Symbol_5;Symbol_6;Symbol_7;Symbol_8;Symbol_9
439,synthetic,train,109,Symbol_1;Symbol_10;Symbol_11;Symbol_12;Symbol_13;Symbol_14;Symbol_15;Symbol_16;Symbol_17;Symbol_18;Symbol_19;Symbol_2;Symbol_20;Symbol_21;Symbol_22;Symbol_23;Symbol_24;Symbol_25;Symbol_26;Symbol_28;Symbol_29;Symbol_3;Symbol_30;Symbol_31;Symbol_32;Symbol_4;Symbol_5;Symbol_6;Symbol_7;Symbol_8;Symbol_9
44,synthetic,val,98,Symbol_1;Symbol_10;Symbol_11;Symbol_12;Symbol_13;Symbol_14;Symbol_15;Symbol_16;Symbol_18;Symbol_19;Symbol_2;Symbol_20;Symbol_21;Symbol_22;Symbol_23;Symbol_24;Symbol_25;Symbol_26;Symbol_27;Symbol_28;Symbol_29;Symbol_3;Symbol_30;Symbol_31;Symbol_32;Symbol_4;Symbol_5;Symbol_6;Symbol_7;Symbol_8;Symbol_9
440,synthetic,train,102,Symbol_1;Symbol_10;Symbol_11;Symbol_12;Symbol_13;Symbol_14;Symbol_15;Symbol_16;Symbol_17;Symbol_18;Symbol_19;Symbol_2;Symbol_20;Symbol_21;Symbol_22;Symbol_23;Symbol_24;Symbol_25;Symbol_26;Symbol_27;Symbol_28;Symbol_29;Symbol_3;Symbol_30;Symbol_31;Symbol_32;Symbol_4;Symbol_5;Symbol_6;Symbol_7;Symbol_8;Symbol_9
441,synthetic,train,90,Symbol_1;Symbol_10;Symbol_11;Symbol_12;Symbol_13;Symbol_14;Symbol_15;Symbol_16;Symbol_17;Symbol_18;Symbol_19;Symbol_20;Symbol_21;Symbol_22;Symbol_23;Symbol_24;Symbol_25;Symbol_26;Symbol_27;Symbol_29;Symbol_3;Symbol_30;Symbol_31;Symbol_32;Symbol_4;Symbol_5;Symbol_6;Symbol_7;Symbol_9
442,synthetic,train,96,Symbol_1;Symbol_10;Symbol_11;Symbol_12;Symbol_13;Symbol_14;Symbol_15;Symbol_16;Symbol_17;Symbol_19;Symbol_2;Symbol_20;Symbol_21;Symbol_22;Symbol_23;Symbol_24;Symbol_25;Symbol_26;Symbol_28;Symbol_29;Symbol_30;Symbol_31;Symbol_32;Symbol_4;Symbol_5;Symbol_6;Symbol_7;Symbol_8;Symbol_9
443,synthetic,train,93,Symbol_1;Symbol_10;Symbol_11;Symbol_12;Symbol_13;Symbol_14;Symbol_15;Symbol_17;Symbol_18;Symbol_19;Symbol_2;Symbol_20;Symbol_21;Symbol_22;Symbol_23;Symbol_24;Symbol_25;Symbol_26;Symbol_27;Symbol_28;Symbol_29;Symbol_3;Symbol_30;Symbol_31;Symbol_32;Symbol_4;Symbol_5;Symbol_6;Symbol_8;Symbol_9
444,synthetic,train,94,Symbol_1;Symbol_10;Symbol_11;Symbol_12;Symbol_13;Symbol_14;Symbol_15;Symbol_16;Symbol_17;Symbol_18;Symbol_19;Symbol_2;Symbol_20;Symbol_21;Symbol_22;Symbol_23;Symbol_24;Symbol_26;Symbol_27;Symbol_28;Symbol_29;Symbol_3;Symbol_30;Symbol_31;Symbol_32;Symbol_4;Symbol_6;Symbol_7;Symbol_8;Symbol_9
445,synthetic,train,106,Symbol_1;Symbol_10;Symbol_11;Symbol_12;Symbol_13;Symbol_14;Symbol_15;Symbol_16;Symbol_17;Symbol_18;Symbol_19;Symbol_2;Symbol_20;Symbol_21;Symbol_22;Symbol_23;Symbol_24;Symbol_25;Symbol_26;Symbol_27;Symbol_28;Symbol_29;Symbol_3;Symbol_30;Symbol_31;Symbol_32;Symbol_4;Symbol_5;Symbol_6;Symbol_7;Symbol_9
446,synthetic,train,121,Symbol_1;Symbol_10;Symbol_11;Symbol_12;Symbol_13;Symbol_14;Symbol_15;Symbol_16;Symbol_17;Symbol_18;Symbol_19;Symbol_2;Symbol_20;Symbol_21;Symbol_22;Symbol_23;Symbol_24;Symbol_25;Symbol_26;Symbol_27;Symbol_28;Symbol_29;Symbol_3;Symbol_30;Symbol_31;Symbol_32;Symbol_4;Symbol_6;Symbol_7;Symbol_8;Symbol_9
447,synthetic,train,114,Symbol_1;Symbol_10;Symbol_11;Symbol_12;Symbol_13;Symbol_14;Symbol_15;Symbol_16;Symbol_17;Symbol_18;Symbol_19;Symbol_2;Symbol_20;Symbol_21;Symbol_22;Symbol_23;Symbol_24;Symbol_25;Symbol_26;Symbol_27;Symbol_28;Symbol_29;Symbol_3;Symbol_30;Symbol_31;Symbol_32;Symbol_4;Symbol_5;Symbol_6;Symbol_7;Symbol_8;Symbol_9
448,synthetic,val,115,Symbol_1;Symbol_11;Symbol_12;Symbol_13;Symbol_14;Symbol_15;Symbol_16;Symbol_17;Symbol_18;Symbol_19;Symbol_2;Symbol_20;Symbol_21;Symbol_22;Symbol_23;Symbol_24;Symbol_25;Symbol_26;Symbol_27;Symbol_28;Symbol_29;Symbol_3;Symbol_30;Symbol_31;Symbol_32;Symbol_4;Symbol_5;Symbol_6;Symbol_7;Symbol_8;Symbol_9
449,synthetic,train,109,Symbol_1;Symbol_10;Symbol_11;Symbol_12;Symbol_13;Symbol_14;Symbol_15;Symbol_16;Symbol_17;Symbol_18;Symbol_19;Symbol_2;Symbol_20;Symbol_21;Symbol_22;Symbol_23;Symbol_24;Symbol_25;Symbol_26;Symbol_27;Symbol_28;Symbol_29;Symbol_3;Symbol_30;Symbol_31;Symbol_32;Symbol_4;Symbol_5;Symbol_6;Symbol_7;Symbol_8;Symbol_9
45,synthetic,val,109,Symbol_1;Symbol_10;Symbol_11;Symbol_12;Symbol_13;Symbol_14;Symbol_15;Symbol_16;Symbol_17;Symbol_18;Symbol_19;Symbol_2;Symbol_20;Symbol_21;Symbol_22;Symbol_23;Symbol_24;Symbol_25;Symbol_26;Symbol_27;Symbol_28;Symbol_29;Symbol_3;Symbol_30;Symbol_31;Symbol_32;Symbol_4;Symbol_5;Symbol_6;Symbol_7;Symbol_8;Symbol_9
450,synthetic,train,95,Symbol_1;Symbol_10;Symbol_11;Symbol_13;Symbol_14;Symbol_15;Symbol_16;Symbol_17;Symbol_18;Symbol_19;Symbol_2;Symbol_20;Symbol_21;Symbol_22;Symbol_24;Symbol_25;Symbol_26;Symbol_27;Symbol_28;Symbol_29;Symbol_3;Symbol_30;Symbol_31;Symbol_32;Symbol_4;Symbol_5;Symbol_6;Symbol_8;Symbol_9
451,synthetic,train,132,Symbol_1;Symbol_10;Symbol_11;Symbol_12;Symbol_13;Symbol_14;Symbol_15;Symbol_16;Symbol_17;Symbol_18;Symbol_19;Symbol_2;Symbol_20;Symbol_21;Symbol_22;Symbol_23;Symbol_24;Symbol_25;Symbol_26;Symbol_27;Symbol_28;Symbol_29;Symbol_3;Symbol_30;Symbol_31;Symbol_32;Symbol_4;Symbol_5;Symbol_6;Symbol_7;Symbol_8;Symbol_9
452,synthetic,train,100,Symbol_1;Symbol_10;Symbol_11;Symbol_12;Symbol_13;Symbol_14;Symbol_15;Symbol_16;Symbol_17;Symbol_18;Symbol_19;Symbol_2;Symbol_20;Symbol_21;Symbol_22;Symbol_23;Symbol_25;Symbol_26;Symbol_27;Symbol_28;Symbol_29;Symbol_3;Symbol_30;Symbol_31;Symbol_32;Symbol_4;Symbol_6;Symbol_7;Symbol_8
453,synthetic,train,129,Symbol_1;Symbol_10;Symbol_11;Symbol_12;Symbol_13;Symbol_14;Symbol_15;Symbol_16;Symbol_17;Symbol_18;Symbol_2;Symbol_20;Symbol_21;Symbol_22;Symbol_24;Symbol_25;Symbol_26;Symbol_27;Symbol_28;Symbol_29;Symbol_3;Symbol_30;Symbol_31;Symbol_32;Symbol_4;Symbol_5;Symbol_6;Symbol_7;Symbol_8;Symbol_9
454,synthetic,val,108,Symbol_1;Symbol_10;Symbol_11;Symbol_12;Symbol_13;Symbol_14;Symbol_15;Symbol_16;Symbol_17;Symbol_18;Symbol_19;Symbol_2;Symbol_20;Symbol_21;Symbol_22;Symbol_23;Symbol_24;Symbol_25;Symbol_26;Symbol_27;Symbol_28;Symbol_29;Symbol_30;Symbol_31;Symbol_32;Symbol_4;Symbol_5;Symbol_6;Symbol_7;Symbol_8;Symbol_9
455,synthetic,train,120,Symbol_1;Symbol_10;Symbol_11;Symbol_12;Symbol_13;Symbol_14;Symbol_15;Symbol_16;Symbol_17;Symbol_18;Symbol_19;Symbol_2;Symbol_20;Symbol_21;Symbol_22;Symbol_23;Symbol_24;Symbol_25;Symbol_26;Symbol_27;Symbol_28;Symbol_29;Symbol_3;Symbol_30;Symbol_31;Symbol_32;Symbol_4;Symbol_5;Symbol_6;Symbol_7;Symbol_8;Symbol_9
456,synthetic,train,97,Symbol_1;Symbol_10;Symbol_11;Symbol_12;Symbol_13;Symbol_15;Symbol_16;Symbol_17;Symbol_18;Symbol_19;Symbol_2;Symbol_20;Symbol_21;Symbol_22;Symbol_23;Symbol_24;Symbol_25;Symbol_26;Symbol_27;Symbol_28;Symbol_3;Symbol_30;Symbol_31;Symbol_32;Symbol_4;Symbol_5;Symbol_6;Symbol_7;Symbol_8;Symbol_9
457,synthetic,train,115,Symbol_1;Symbol_10;Symbol_11;Symbol_12;Symbol_13;Symbol_14;Symbol_15;Symbol_16;Symbol_17;Symbol_18;Symbol_19;Symbol_2;Symbol_20;Symbol_21;Symbol_22;Symbol_23;Symbol_24;Symbol_25;Symbol_26;Symbol_27;Symbol_28;Symbol_29;Symbol_3;Symbol_30;Symbol_31;Symbol_32;Symbol_4;Symbol_5;Symbol_6;Symbol_7;Symbol_8;Symbol_9
458,synthetic,train,104,Symbol_1;Symbol_10;Symbol_11;Symbol_12;Symbol_13;Symbol_14;Symbol_15;Symbol_17;Symbol_18;Symbol_19;Symbol_2;Symbol_20;Symbol_21;Symbol_22;Symbol_23;Symbol_24;Symbol_25;Symbol_26;Symbol_27;Symbol_28;Symbol_29;Symbol_3;Symbol_30;Symbol_31;Symbol_32;Symbol_4;Symbol_5;Symbol_6;Symbol_7;Symbol_8;Symbol_9
459,synthetic,train,106,Symbol_1;Symbol_10;Symbol_11;Symbol_12;Symbol_13;Symbol_14;Symbol_15;Symbol_16;Symbol_17;Symbol_18;Symbol_19;Symbol_2;Symbol_20;Symbol_21;Symbol_22;Symbol_23;Symbol_24;Symbol_25;Symbol_26;Symbol_27;Symbol_28;Symbol_29;Symbol_3;Symbol_30;Symbol_31;Symbol_32;Symbol_4;Symbol_6;Symbol_7;Symbol_8;Symbol_9
46,synthetic,train,104,Symbol_1;Symbol_10;Symbol_11;Symbol_12;Symbol_14;Symbol_15;Symbol_16;Symbol_17;Symbol_18;Symbol_19;Symbol_2;Symbol_20;Symbol_21;Symbol_22;Symbol_23;Symbol_25;Symbol_26;Symbol_27;Symbol_28;Symbol_29;Symbol_3;Symbol_30;Symbol_31;Symbol_32;Symbol_4;Symbol_5;Symbol_6;Symbol_7;Symbol_8;Symbol_9
460,synthetic,train,93,Symbol_1;Symbol_10;Symbol_11;Symbol_12;Symbol_13;Symbol_15;Symbol_16;Symbol_17;Symbol_18;Symbol_19;Symbol_2;Symbol_20;Symbol_21;Symbol_22;Symbol_23;Symbol_24;Symbol_25;Symbol_26;Symbol_27;Symbol_28;Symbol_29;Symbol_3;Symbol_30;Symbol_31;Symbol_32;Symbol_4;Symbol_5;Symbol_6;Symbol_7;Symbol_8;Symbol_9
461,synthetic,train,100,Symbol_1;Symbol_10;Symbol_11;Symbol_12;Symbol_13;Symbol_14;Symbol_15;Symbol_16;Symbol_17;Symbol_19;Symbol_2;Symbol_20;Symbol_21;Symbol_22;Symbol_23;Symbol_24;Symbol_25;Symbol_26;Symbol_27;Symbol_28;Symbol_29;Symbol_30;Symbol_31;Symbol_32;Symbol_4;Symbol_5;Symbol_6;Symbol_7;Symbol_8
462,synthetic,train,110,Symbol_10;Symbol_12;Symbol_13;Symbol_14;Symbol_15;Symbol_16;Symbol_17;Symbol_18;Symbol_19;Symbol_2;Symbol_20;Symbol_21;Symbol_22;Symbol_23;Symbol_24;Symbol_25;Symbol_26;Symbol_27;Symbol_28;Symbol_29;Symbol_3;Symbol_30;Symbol_31;Symbol_32;Symbol_4;Symbol_5;Symbol_6;Symbol_7;Symbol_9
463,synthetic,train,94,Symbol_1;Symbol_10;Symbol_11;Symbol_12;Symbol_13;Symbol_14;Symbol_16;Symbol_17;Symbol_18;Symbol_19;Symbol_2;Symbol_20;Symbol_21;Symbol_22;Symbol_23;Symbol_24;Symbol_25;Symbol_26;Symbol_27;Symbol_28;Symbol_29;Symbol_3;Symbol_30;Symbol_31;Symbol_32;Symbol_4;Symbol_5;Symbol_6;Symbol_7;Symbol_8;Symbol_9
464,synthetic,train,77,Symbol_1;Symbol_10;Symbol_11;Symbol_12;Symbol_13;Symbol_14;Symbol_15;Symbol_16;Symbol_17;Symbol_18;Symbol_2;Symbol_20;Symbol_21;Symbol_22;Symbol_23;Symbol_24;Symbol_25;Symbol_27;Symbol_28;Symbol_3;Symbol_30;Symbol_31;Symbol_32;Symbol_4;Symbol_5;Symbol_6;Symbol_7;Symbol_8;Symbol_9
465,synthetic,train,94,Symbol_1;Symbol_10;Symbol_11;Symbol_12;Symbol_13;Symbol_14;Symbol_15;Symbol_16;Symbol_17;Symbol_18;Symbol_19;Symbol_2;Symbol_20;Symbol_21;Symbol_23;Symbol_24;Symbol_25;Symbol_26;Symbol_27;Symbol_28;Symbol_29;Symbol_3;Symbol_31;Symbol_32;Symbol_4;Symbol_5;Symbol_6;Symbol_7;Symbol_8;Symbol_9
466,synthetic,train,127,Symbol_1;Symbol_10;Symbol_11;Symbol_12;Symbol_13;Symbol_14;Symbol_15;Symbol_16;Symbol_17;Symbol_18;Symbol_19;Symbol_2;Symbol_20;Symbol_21;Symbol_22;Symbol_23;Symbol_24;Symbol_25;Symbol_26;Symbol_27;Symbol_28;Symbol_29;Symbol_3;Symbol_30;Symbol_31;Symbol_32;Symbol_4;Symbol_5;Symbol_6;Symbol_7;Symbol_8;Symbol_9
467,synthetic,train,99,Symbol_1;Symbol_11;Symbol_12;Symbol_13;Symbol_14;Symbol_15;Symbol_16;Symbol_17;Symbol_19;Symbol_2;Symbol_20;Symbol_21;Symbol_22;Symbol_23;Symbol_24;Symbol_25;Symbol_26;Symbol_27;Symbol_28;Symbol_29;Symbol_3;Symbol_30;Symbol_31;Symbol_32;Symbol_4;Symbol_5;Symbol_6;Symbol_7;Symbol_8;Symbol_9
468,synthetic,train,93,Symbol_10;Symbol_11;Symbol_12;Symbol_13;Symbol_15;Symbol_17;Symbol_18;Symbol_19;Symbol_2;Symbol_20;Symbol_21;Symbol_22;Symbol_23;Symbol_24;Symbol_25;Symbol_26;Symbol_27;Symbol_28;Symbol_29;Symbol_3;Symbol_30;Symbol_31;Symbol_32;Symbol_4;Symbol_5;Symbol_6;Symbol_7;Symbol_8;Symbol_9
469,synthetic,train,100,Symbol_1;Symbol_10;Symbol_11;Symbol_12;Symbol_13;Symbol_14;Symbol_15;Symbol_16;Symbol_17;Symbol_18;Symbol_19;Symbol_2;Symbol_20;Symbol_21;Symbol_22;Symbol_23;Symbol_24;Symbol_25;Symbol_26;Symbol_28;Symbol_29;Symbol_3;Symbol_30;Symbol_31;Symbol_4;Symbol_5;Symbol_6;Symbol_7;Symbol_8;Symbol_9
47,synthetic,val,102,Symbol_1;Symbol_10;Symbol_11;Symbol_12;Symbol_13;Symbol_14;Symbol_16;Symbol_17;Symbol_18;Symbol_19;Symbol_2;Symbol_20;Symbol_21;Symbol_22;Symbol_23;Symbol_24;Symbol_26;Symbol_27;Symbol_28;Symbol_29;Symbol_3;Symbol_30;Symbol_31;Symbol_32;Symbol_4;Symbol_5;Symbol_6;Symbol_7;Symbol_8;Symbol_9
470,synthetic,val,104,Symbol_1;Symbol_10;Symbol_11;Symbol_12;Symbol_13;Symbol_14;Symbol_15;Symbol_16;Symbol_17;Symbol_19;Symbol_2;Symbol_20;Symbol_21;Symbol_22;Symbol_23;Symbol_25;Symbol_26;Symbol_27;Symbol_28;Symbol_3;Symbol_30;Symbol_31;Symbol_32;Symbol_4;Symbol_5;Symbol_6;Symbol_7;Symbol_8;Symbol_9
471,synthetic,val,89,Symbol_1;Symbol_10;Symbol_11;Symbol_12;Symbol_13;Symbol_14;Symbol_15;Symbol_16;Symbol_19;Symbol_2;Symbol_20;Symbol_21;Symbol_22;Symbol_23;Symbol_24;Symbol_25;Symbol_26;Symbol_27;Symbol_28;Symbol_29;Symbol_3;Symbol_31;Symbol_32;Symbol_4;Symbol_5;Symbol_6;Symbol_7;Symbol_8;Symbol_9
472,synthetic,train,92,Symbol_10;Symbol_11;Symbol_12;Symbol_13;Symbol_14;Symbol_16;Symbol_18;Symbol_19;Symbol_2;Symbol_20;Symbol_21;Symbol_22;Symbol_23;Symbol_24;Symbol_25;Symbol_26;Symbol_27;Symbol_28;Symbol_29;Symbol_3;Symbol_30;Symbol_31;Symbol_32;Symbol_4;Symbol_5;Symbol_6;Symbol_7;Symbol_8;Symbol_9
473,synthetic,train,96,Symbol_1;Symbol_10;Symbol_11;Symbol_12;Symbol_13;Symbol_14;Symbol_15;Symbol_16;Symbol_17;Symbol_18;Symbol_19;Symbol_2;Symbol_20;Symbol_21;Symbol_22;Symbol_23;Symbol_24;Symbol_25;Symbol_26;Symbol_27;Symbol_28;Symbol_29;Symbol_3;Symbol_30;Symbol_31;Symbol_32;Symbol_4;Symbol_5;Symbol_6;Symbol_7;Symbol_9
474,synthetic,train,109,Symbol_1;Symbol_10;Symbol_11;Symbol_12;Symbol_13;Symbol_14;Symbol_15;Symbol_16;Symbol_17;Symbol_18;Symbol_19;Symbol_2;Symbol_20;Symbol_21;Symbol_22;Symbol_23;Symbol_24;Symbol_25;Symbol_26;Symbol_27;Symbol_28;Symbol_29;Symbol_3;Symbol_30;Symbol_32;Symbol_4;Symbol_5;Symbol_6;Symbol_7;Symbol_8
475,synthetic,train,103,Symbol_1;Symbol_10;Symbol_11;Symbol_12;Symbol_13;Symbol_14;Symbol_15;Symbol_16;Symbol_17;Symbol_18;Symbol_19;Symbol_2;Symbol_20;Symbol_21;Symbol_22;Symbol_23;Symbol_24;Symbol_25;Symbol_26;Symbol_27;Symbol_28;Symbol_29;Symbol_3;Symbol_30;Symbol_31;Symbol_32;Symbol_4;Symbol_5;Symbol_6;Symbol_7;Symbol_8;Symbol_9
476,synthetic,train,102,Symbol_1;Symbol_10;Symbol_11;Symbol_12;Symbol_13;Symbol_14;Symbol_15;Symbol_16;Symbol_17;Symbol_18;Symbol_19;Symbol_2;Symbol_20;Symbol_21;Symbol_22;Symbol_23;Symbol_24;Symbol_25;Symbol_26;Symbol_27;Symbol_28;Symbol_29;Symbol_3;Symbol_30;Symbol_31;Symbol_32;Symbol_4;Symbol_5;Symbol_6;Symbol_7;Symbol_8;Symbol_9
477,synthetic,train,106,Symbol_1;Symbol_10;Symbol_11;Symbol_12;Symbol_13;Symbol_14;Symbol_15;Symbol_16;Symbol_17;Symbol_18;Symbol_19;Symbol_2;Symbol_20;Symbol_21;Symbol_22;Symbol_23;Symbol_24;Symbol_25;Symbol_26;Symbol_27;Symbol_28;Symbol_3;Symbol_30;Symbol_31;Symbol_32;Symbol_4;Symbol_5;Symbol_6;Symbol_7;Symbol_8;Symbol_9
478,synthetic,train,104,Symbol_1;Symbol_10;Symbol_11;Symbol_12;Symbol_13;Symbol_14;Symbol_15;Symbol_16;Symbol_17;Symbol_18;Symbol_19;Symbol_2;Symbol_20;Symbol_21;Symbol_22;Symbol_23;Symbol_24;Symbol_25;Symbol_26;Symbol_27;Symbol_28;Symbol_29;Symbol_3;Symbol_30;Symbol_31;Symbol_32;Symbol_4;Symbol_5;Symbol_6;Symbol_7;Symbol_8;Symbol_9
479,synthetic,train,119,Symbol_1;Symbol_10;Symbol_11;Symbol_12;Symbol_13;Symbol_14;Symbol_15;Symbol_16;Symbol_17;Symbol_18;Symbol_19;Symbol_2;Symbol_20;Symbol_21;Symbol_22;Symbol_23;Symbol_24;Symbol_25;Symbol_26;Symbol_27;Symbol_28;Symbol_29;Symbol_3;Symbol_30;Symbol_31;Symbol_32;Symbol_4;Symbol_5;Symbol_6;Symbol_7;Symbol_8;Symbol_9
48,synthetic,train,101,Symbol_1;Symbol_10;Symbol_11;Symbol_12;Symbol_13;Symbol_14;Symbol_15;Symbol_16;Symbol_17;Symbol_18;Symbol_19;Symbol_2;Symbol_20;Symbol_21;Symbol_22;Symbol_24;Symbol_25;Symbol_26;Symbol_27;Symbol_28;Symbol_29;Symbol_3;Symbol_30;Symbol_31;Symbol_32;Symbol_4;Symbol_5;Symbol_6;Symbol_8;Symbol_9
480,synthetic,val,102,Symbol_1;Symbol_10;Symbol_11;Symbol_12;Symbol_13;Symbol_14;Symbol_15;Symbol_16;Symbol_17;Symbol_18;Symbol_19;Symbol_2;Symbol_20;Symbol_21;Symbol_22;Symbol_23;Symbol_24;Symbol_25;Symbol_26;Symbol_27;Symbol_28;Symbol_29;Symbol_3;Symbol_30;Symbol_31;Symbol_32;Symbol_4;Symbol_5;Symbol_6;Symbol_7;Symbol_8;Symbol_9
481,synthetic,train,88,Symbol_1;Symbol_10;Symbol_11;Symbol_12;Symbol_13;Symbol_14;Symbol_15;Symbol_16;Symbol_17;Symbol_18;Symbol_19;Symbol_2;Symbol_20;Symbol_21;Symbol_22;Symbol_23;Symbol_24;Symbol_26;Symbol_27;Symbol_28;Symbol_29;Symbol_3;Symbol_30;Symbol_31;Symbol_32;Symbol_4;Symbol_5;Symbol_6;Symbol_7;Symbol_9
482,synthetic,train,98,Symbol_1;Symbol_10;Symbol_11;Symbol_12;Symbol_13;Symbol_14;Symbol_15;Symbol_16;Symbol_17;Symbol_18;Symbol_19;Symbol_2;Symbol_20;Symbol_21;Symbol_22;Symbol_23;Symbol_24;Symbol_25;Symbol_26;Symbol_27;Symbol_28;Symbol_29;Symbol_3;Symbol_30;Symbol_31;Symbol_32;Symbol_4;Symbol_5;Symbol_6;Symbol_7;Symbol_8;Symbol_9
483,synthetic,train,118,Symbol_1;Symbol_10;Symbol_11;Symbol_12;Symbol_13;Symbol_14;Symbol_15;Symbol_16;Symbol_17;Symbol_18;Symbol_19;Symbol_2;Symbol_20;Symbol_21;Symbol_22;Symbol_23;Symbol_24;Symbol_25;Symbol_26;Symbol_27;Symbol_28;Symbol_29;Symbol_3;Symbol_30;Symbol_31;Symbol_32;Symbol_4;Symbol_5;Symbol_6;Symbol_7;Symbol_8;Symbol_9
484,synthetic,train,118,Symbol_1;Symbol_10;Symbol_11;Symbol_12;Symbol_13;Symbol_14;Symbol_15;Symbol_16;Symbol_17;Symbol_18;Symbol_19;Symbol_2;Symbol_20;Symbol_21;Symbol_22;Symbol_23;Symbol_24;Symbol_25;Symbol_26;Symbol_27;Symbol_28;Symbol_29;Symbol_3;Symbol_30;Symbol_31;Symbol_32;Symbol_4;Symbol_6;Symbol_7;Symbol_8;Symbol_9
485,synthetic,train,102,Symbol_1;Symbol_10;Symbol_11;Symbol_12;Symbol_13;Symbol_14;Symbol_15;Symbol_17;Symbol_18;Symbol_19;Symbol_2;Symbol_20;Symbol_21;Symbol_22;Symbol_23;Symbol_24;Symbol_25;Symbol_26;Symbol_27;Symbol_28;Symbol_29;Symbol_3;Symbol_30;Symbol_31;Symbol_32;Symbol_4;Symbol_5;Symbol_6;Symbol_7;Symbol_8;Symbol_9
486,synthetic,train,102,Symbol_1;Symbol_10;Symbol_11;Symbol_12;Symbol_13;Symbol_14;Symbol_15;Symbol_16;Symbol_17;Symbol_18;Symbol_19;Symbol_2;Symbol_20;Symbol_21;Symbol_22;Symbol_23;Symbol_24;Symbol_25;Symbol_26;Symbol_27;Symbol_28;Symbol_29;Symbol_3;Symbol_30;Symbol_31;Symbol_32;Symbol_4;Symbol_5;Symbol_6;Symbol_7;Symbol_8;Symbol_9
487,synthetic,train,103,Symbol_1;Symbol_10;Symbol_11;Symbol_12;Symbol_13;Symbol_14;Symbol_15;Symbol_16;Symbol_17;Symbol_18;Symbol_19;Symbol_2;Symbol_20;Symbol_21;Symbol_23;Symbol_24;Symbol_25;Symbol_26;Symbol_27;Symbol_28;Symbol_29;Symbol_3;Symbol_30;Symbol_31;Symbol_4;Symbol_5;Symbol_6;Symbol_7;Symbol_8;Symbol_9
488,synthetic,train,92,Symbol_1;Symbol_10;Symbol_11;Symbol_12;Symbol_13;Symbol_14;Symbol_15;Symbol_16;Symbol_17;Symbol_18;Symbol_19;Symbol_2;Symbol_20;Symbol_21;Symbol_22;Symbol_23;Symbol_24;Symbol_25;Symbol_26;Symbol_27;Symbol_28;Symbol_29;Symbol_3;Symbol_31;Symbol_4;Symbol_5;Symbol_6;Symbol_7;Symbol_8;Symbol_9
489,synthetic,val,90,Symbol_1;Symbol_10;Symbol_11;Symbol_12;Symbol_13;Symbol_15;Symbol_16;Symbol_17;Symbol_18;Symbol_19;Symbol_2;Symbol_20;Symbol_21;Symbol_22;Symbol_23;Symbol_25;Symbol_26;Symbol_27;Symbol_28;Symbol_29;Symbol_3;Symbol_30;Symbol_31;Symbol_32;Symbol_4;Symbol_5;Symbol_6;Symbol_7;Symbol_8;Symbol_9
49,synthetic,train,110,Symbol_1;Symbol_10;Symbol_11;Symbol_12;Symbol_13;Symbol_14;Symbol_15;Symbol_16;Symbol_17;Symbol_18;Symbol_19;Symbol_2;Symbol_20;Symbol_21;Symbol_22;Symbol_23;Symbol_24;Symbol_25;Symbol_26;Symbol_27;Symbol_28;Symbol_29;Symbol_3;Symbol_30;Symbol_31;Symbol_32;Symbol_4;Symbol_5;Symbol_6;Symbol_7;Symbol_8;Symbol_9
490,synthetic,train,98,Symbol_1;Symbol_11;Symbol_12;Symbol_13;Symbol_14;Symbol_15;Symbol_16;Symbol_17;Symbol_18;Symbol_19;Symbol_2;Symbol_20;Symbol_21;Symbol_22;Symbol_23;Symbol_24;Symbol_25;Symbol_26;Symbol_27;Symbol_28;Symbol_29;Symbol_3;Symbol_30;Symbol_31;Symbol_32;Symbol_4;Symbol_5;Symbol_6;Symbol_7;Symbol_8;Symbol_9
491,synthetic,train,113,Symbol_1;Symbol_10;Symbol_11;Symbol_12;Symbol_13;Symbol_14;Symbol_15;Symbol_16;Symbol_17;Symbol_18;Symbol_19;Symbol_2;Symbol_20;Symbol_21;Symbol_22;Symbol_23;Symbol_24;Symbol_25;Symbol_26;Symbol_27;Symbol_28;Symbol_29;Symbol_3;Symbol_30;Symbol_31;Symbol_32;Symbol_4;Symbol_5;Symbol_6;Symbol_7;Symbol_8;Symbol_9
492,synthetic,train,100,Symbol_1;Symbol_10;Symbol_11;Symbol_12;Symbol_13;Symbol_14;Symbol_16;Symbol_17;Symbol_19;Symbol_2;Symbol_20;Symbol_21;Symbol_22;Symbol_24;Symbol_25;Symbol_26;Symbol_27;Symbol_28;Symbol_29;Symbol_3;Symbol_30;Symbol_31;Symbol_32;Symbol_4;Symbol_5;Symbol_6;Symbol_7;Symbol_8;Symbol_9
493,synthetic,train,110,Symbol_1;Symbol_10;Symbol_11;Symbol_12;Symbol_13;Symbol_15;Symbol_16;Symbol_17;Symbol_18;Symbol_19;Symbol_2;Symbol_20;Symbol_21;Symbol_22;Symbol_23;Symbol_24;Symbol_25;Symbol_26;Symbol_27;Symbol_28;Symbol_29;Symbol_3;Symbol_30;Symbol_31;Symbol_4;Symbol_5;Symbol_6;Symbol_7;Symbol_8;Symbol_9
494,synthetic,train,107,Symbol_1;Symbol_10;Symbol_11;Symbol_12;Symbol_13;Symbol_14;Symbol_15;Symbol_16;Symbol_17;Symbol_18;Symbol_19;Symbol_2;Symbol_20;Symbol_21;Symbol_22;Symbol_23;Symbol_24;Symbol_25;Symbol_26;Symbol_27;Symbol_28;Symbol_29;Symbol_3;Symbol_31;Symbol_32;Symbol_4;Symbol_5;Symbol_6;Symbol_7;Symbol_8;Symbol_9
495,synthetic,train,96,Symbol_1;Symbol_10;Symbol_11;Symbol_12;Symbol_13;Symbol_14;Symbol_15;Symbol_16;Symbol_17;Symbol_18;Symbol_19;Symbol_2;Symbol_20;Symbol_21;Symbol_22;Symbol_23;Symbol_24;Symbol_25;Symbol_26;Symbol_28;Symbol_29;Symbol_3;Symbol_30;Symbol_31;Symbol_32;Symbol_4;Symbol_5;Symbol_6;Symbol_7;Symbol_8;Symbol_9
496,synthetic,train,105,Symbol_1;Symbol_10;Symbol_11;Symbol_12;Symbol_13;Symbol_14;Symbol_15;Symbol_16;Symbol_17;Symbol_18;Symbol_19;Symbol_2;Symbol_20;Symbol_21;Symbol_22;Symbol_23;Symbol_24;Symbol_25;Symbol_26;Symbol_28;Symbol_29;Symbol_3;Symbol_30;Symbol_31;Symbol_32;Symbol_4;Symbol_5;Symbol_6;Symbol_7;Symbol_8;Symbol_9
497,synthetic,train,112,Symbol_1;Symbol_10;Symbol_11;Symbol_12;Symbol_13;Symbol_14;Symbol_15;Symbol_16;Symbol_17;Symbol_18;Symbol_19;Symbol_2;Symbol_20;Symbol_21;Symbol_22;Symbol_23;Symbol_24;Symbol_25;Symbol_26;Symbol_27;Symbol_28;Symbol_29;Symbol_3;Symbol_30;Symbol_31;Symbol_32;Symbol_4;Symbol_5;Symbol_6;Symbol_7;Symbol_9
498,synthetic,train,100,Symbol_1;Symbol_10;Symbol_11;Symbol_12;Symbol_13;Symbol_14;Symbol_15;Symbol_16;Symbol_17;Symbol_18;Symbol_19;Symbol_2;Symbol_20;Symbol_21;Symbol_22;Symbol_23;Symbol_24;Symbol_25;Symbol_26;Symbol_27;Symbol_28;Symbol_29;Symbol_3;Symbol_30;Symbol_31;Symbol_32;Symbol_4;Symbol_5;Symbol_6;Symbol_7;Symbol_8;Symbol_9
499,synthetic,val,99,Symbol_1;Symbol_10;Symbol_11;Symbol_12;Symbol_13;Symbol_14;Symbol_15;Symbol_16;Symbol_17;Symbol_18;Symbol_19;Symbol_2;Symbol_20;Symbol_21;Symbol_22;Symbol_23;Symbol_24;Symbol_25;Symbol_26;Symbol_27;Symbol_28;Symbol_29;Symbol_3;Symbol_30;Symbol_31;Symbol_32;Symbol_4;Symbol_5;Symbol_6;Symbol_7;Symbol_8;Symbol_9
5,synthetic,val,93,Symbol_1;Symbol_10;Symbol_11;Symbol_12;Symbol_13;Symbol_14;Symbol_15;Symbol_16;Symbol_17;Symbol_19;Symbol_2;Symbol_20;Symbol_21;Symbol_22;Symbol_23;Symbol_24;Symbol_25;Symbol_26;Symbol_27;Symbol_28;Symbol_29;Symbol_3;Symbol_30;Symbol_31;Symbol_32;Symbol_4;Symbol_5;Symbol_6;Symbol_7;Symbol_8;Symbol_9
50,synthetic,train,101,Symbol_1;Symbol_10;Symbol_11;Symbol_12;Symbol_14;Symbol_15;Symbol_16;Symbol_17;Symbol_18;Symbol_19;Symbol_20;Symbol_21;Symbol_22;Symbol_24;Symbol_25;Symbol_26;Symbol_27;Symbol_28;Symbol_29;Symbol_3;Symbol_30;Symbol_31;Symbol_4;Symbol_5;Symbol_6;Symbol_7;Symbol_8;Symbol_9
51,synthetic,val,134,Symbol_1;Symbol_10;Symbol_11;Symbol_12;Symbol_13;Symbol_14;Symbol_15;Symbol_16;Symbol_17;Symbol_18;Symbol_19;Symbol_2;Symbol_20;Symbol_21;Symbol_22;Symbol_23;Symbol_24;Symbol_25;Symbol_26;Symbol_27;Symbol_28;Symbol_29;Symbol_3;Symbol_30;Symbol_31;Symbol_32;Symbol_4;Symbol_5;Symbol_6;Symbol_7;Symbol_8;Symbol_9
52,synthetic,train,99,Symbol_1;Symbol_10;Symbol_11;Symbol_12;Symbol_13;Symbol_14;Symbol_15;Symbol_16;Symbol_17;Symbol_18;Symbol_19;Symbol_2;Symbol_20;Symbol_21;Symbol_22;Symbol_24;Symbol_25;Symbol_26;Symbol_27;Symbol_28;Symbol_29;Symbol_3;Symbol_30;Symbol_31;Symbol_32;Symbol_4;Symbol_5;Symbol_6;Symbol_7;Symbol_8;Symbol_9
53,synthetic,train,120,Symbol_1;Symbol_10;Symbol_11;Symbol_12;Symbol_13;Symbol_14;Symbol_16;Symbol_17;Symbol_18;Symbol_19;Symbol_2;Symbol_20;Symbol_21;Symbol_22;Symbol_23;Symbol_24;Symbol_25;Symbol_26;Symbol_27;Symbol_28;Symbol_29;Symbol_3;Symbol_30;Symbol_31;Symbol_32;Symbol_4;Symbol_5;Symbol_6;Symbol_7;Symbol_8;Symbol_9
54,synthetic,train,92,Symbol_1;Symbol_10;Symbol_11;Symbol_12;Symbol_13;Symbol_14;Symbol_15;Symbol_16;Symbol_18;Symbol_19;Symbol_2;Symbol_21;Symbol_22;Symbol_23;Symbol_24;Symbol_25;Symbol_26;Symbol_27;Symbol_28;Symbol_29;Symbol_3;Symbol_30;Symbol_31;Symbol_32;Symbol_4;Symbol_5;Symbol_6;Symbol_7;Symbol_8;Symbol_9
55,synthetic,train,89,Symbol_1;Symbol_10;Symbol_11;Symbol_12;Symbol_13;Symbol_14;Symbol_15;Symbol_16;Symbol_17;Symbol_18;Symbol_19;Symbol_2;Symbol_20;Symbol_21;Symbol_22;Symbol_23;Symbol_24;Symbol_25;Symbol_26;Symbol_27;Symbol_28;Symbol_29;Symbol_3;Symbol_30;Symbol_31;Symbol_4;Symbol_5;Symbol_6;Symbol_7;Symbol_8;Symbol_9
56,synthetic,train,93,Symbol_1;Symbol_11;Symbol_12;Symbol_13;Symbol_14;Symbol_15;Symbol_16;Symbol_17;Symbol_18;Symbol_19;Symbol_2;Symbol_20;Symbol_21;Symbol_23;Symbol_24;Symbol_25;Symbol_26;Symbol_27;Symbol_28;Symbol_29;Symbol_3;Symbol_30;Symbol_31;Symbol_32;Symbol_4;Symbol_5;Symbol_6;Symbol_7;Symbol_8;Symbol_9
57,synthetic,train,104,Symbol_1;Symbol_10;Symbol_11;Symbol_12;Symbol_13;Symbol_15;Symbol_16;Symbol_17;Symbol_18;Symbol_19;Symbol_2;Symbol_20;Symbol_21;Symbol_22;Symbol_23;Symbol_24;Symbol_25;Symbol_26;Symbol_27;Symbol_28;Symbol_29;Symbol_3;Symbol_30;Symbol_31;Symbol_32;Symbol_4;Symbol_5;Symbol_6;Symbol_7;Symbol_8;Symbol_9
58,synthetic,val,112,Symbol_1;Symbol_10;Symbol_11;Symbol_12;Symbol_13;Symbol_14;Symbol_15;Symbol_16;Symbol_17;Symbol_18;Symbol_19;Symbol_2;Symbol_20;Symbol_21;Symbol_22;Symbol_23;Symbol_24;Symbol_25;Symbol_26;Symbol_27;Symbol_28;Symbol_29;Symbol_3;Symbol_30;Symbol_31;Symbol_32;Symbol_4;Symbol_5;Symbol_6;Symbol_7;Symbol_8;Symbol_9
59,synthetic,train,106,Symbol_1;Symbol_10;Symbol_11;Symbol_12;Symbol_13;Symbol_14;Symbol_15;Symbol_16;Symbol_17;Symbol_18;Symbol_19;Symbol_2;Symbol_20;Symbol_21;Symbol_22;Symbol_23;Symbol_24;Symbol_25;Symbol_26;Symbol_27;Symbol_28;Symbol_29;Symbol_3;Symbol_30;Symbol_31;Symbol_32;Symbol_4;Symbol_5;Symbol_6;Symbol_7;Symbol_8;Symbol_9
6,synthetic,val,118,Symbol_1;Symbol_10;Symbol_11;Symbol_12;Symbol_14;Symbol_15;Symbol_16;Symbol_17;Symbol_18;Symbol_19;Symbol_2;Symbol_20;Symbol_21;Symbol_22;Symbol_23;Symbol_24;Symbol_25;Symbol_26;Symbol_27;Symbol_28;Symbol_29;Symbol_3;Symbol_30;Symbol_31;Symbol_32;Symbol_5;Symbol_6;Symbol_7;Symbol_8;Symbol_9
60,synthetic,train,107,Symbol_1;Symbol_10;Symbol_11;Symbol_13;Symbol_14;Symbol_15;Symbol_16;Symbol_17;Symbol_18;Symbol_19;Symbol_2;Symbol_20;Symbol_21;Symbol_22;Symbol_23;Symbol_24;Symbol_25;Symbol_26;Symbol_28;Symbol_29;Symbol_3;Symbol_30;Symbol_31;Symbol_32;Symbol_4;Symbol_5;Symbol_6;Symbol_7;Symbol_8;Symbol_9
61,synthetic,train,123,Symbol_10;Symbol_11;Symbol_12;Symbol_13;Symbol_14;Symbol_15;Symbol_16;Symbol_17;Symbol_18;Symbol_19;Symbol_2;Symbol_20;Symbol_21;Symbol_22;Symbol_23;Symbol_24;Symbol_25;Symbol_26;Symbol_27;Symbol_28;Symbol_29;Symbol_3;Symbol_30;Symbol_31;Symbol_32;Symbol_4;Symbol_5;Symbol_6;Symbol_7;Symbol_8;Symbol_9
62,synthetic,train,129,Symbol_1;Symbol_10;Symbol_11;Symbol_13;Symbol_14;Symbol_15;Symbol_16;Symbol_17;Symbol_18;Symbol_19;Symbol_2;Symbol_20;Symbol_21;Symbol_22;Symbol_23;Symbol_24;Symbol_26;Symbol_27;Symbol_28;Symbol_3;Symbol_30;Symbol_31;Symbol_32;Symbol_4;Symbol_5;Symbol_6;Symbol_7;Symbol_8;Symbol_9
63,synthetic,train,121,Symbol_1;Symbol_10;Symbol_11;Symbol_12;Symbol_13;Symbol_14;Symbol_15;Symbol_16;Symbol_17;Symbol_18;Symbol_19;Symbol_2;Symbol_20;Symbol_21;Symbol_22;Symbol_23;Symbol_24;Symbol_25;Symbol_26;Symbol_27;Symbol_28;Symbol_3;Symbol_30;Symbol_31;Symbol_32;Symbol_4;Symbol_5;Symbol_6;Symbol_7;Symbol_8;Symbol_9
64,synthetic,train,136,Symbol_1;Symbol_10;Symbol_11;Symbol_12;Symbol_13;Symbol_14;Symbol_15;Symbol_16;Symbol_17;Symbol_18;Symbol_19;Symbol_2;Symbol_20;Symbol_21;Symbol_23;Symbol_24;Symbol_25;Symbol_26;Symbol_27;Symbol_28;Symbol_29;Symbol_3;Symbol_30;Symbol_31;Symbol_32;Symbol_4;Symbol_6;Symbol_7;Symbol_8;Symbol_9
65,synthetic,train,146,Symbol_1;Symbol_10;Symbol_11;Symbol_12;Symbol_13;Symbol_14;Symbol_15;Symbol_16;Symbol_17;Symbol_18;Symbol_19;Symbol_2;Symbol_20;Symbol_21;Symbol_23;Symbol_24;Symbol_25;Symbol_26;Symbol_27;Symbol_28;Symbol_29;Symbol_3;Symbol_30;Symbol_31;Symbol_32;Symbol_4;Symbol_5;Symbol_6;Symbol_7;Symbol_8;Symbol_9
66,synthetic,train,114,Symbol_1;Symbol_10;Symbol_11;Symbol_12;Symbol_13;Symbol_14;Symbol_15;Symbol_16;Symbol_17;Symbol_18;Symbol_19;Symbol_2;Symbol_20;Symbol_21;Symbol_22;Symbol_23;Symbol_24;Symbol_25;Symbol_26;Symbol_27;Symbol_28;Symbol_29;Symbol_3;Symbol_30;Symbol_31;Symbol_32;Symbol_4;Symbol_5;Symbol_6;Symbol_7;Symbol_8;Symbol_9
67,synthetic,val,120,Symbol_1;Symbol_10;Symbol_11;Symbol_12;Symbol_13;Symbol_14;Symbol_15;Symbol_16;Symbol_17;Symbol_18;Symbol_19;Symbol_2;Symbol_20;Symbol_21;Symbol_22;Symbol_23;Symbol_24;Symbol_25;Symbol_26;Symbol_27;Symbol_28;Symbol_29;Symbol_3;Symbol_30;Symbol_31;Symbol_32;Symbol_4;Symbol_5;Symbol_6;Symbol_7;Symbol_8;Symbol_9
68,synthetic,train,135,Symbol_1;Symbol_10;Symbol_11;Symbol_12;Symbol_13;Symbol_14;Symbol_15;Symbol_16;Symbol_17;Symbol_18;Symbol_19;Symbol_2;Symbol_20;Symbol_21;Symbol_22;Symbol_23;Symbol_24;Symbol_25;Symbol_26;Symbol_27;Symbol_28;Symbol_29;Symbol_3;Symbol_30;Symbol_31;Symbol_32;Symbol_4;Symbol_5;Symbol_6;Symbol_7;Symbol_8;Symbol_9
69,synthetic,train,143,Symbol_1;Symbol_10;Symbol_11;Symbol_12;Symbol_13;Symbol_14;Symbol_15;Symbol_16;Symbol_17;Symbol_18;Symbol_19;Symbol_2;Symbol_20;Symbol_21;Symbol_22;Symbol_23;Symbol_24;Symbol_25;Symbol_26;Symbol_27;Symbol_28;Symbol_29;Symbol_3;Symbol_30;Symbol_31;Symbol_32;Symbol_4;Symbol_5;Symbol_6;Symbol_7;Symbol_8;Symbol_9
7,synthetic,train,102,Symbol_10;Symbol_11;Symbol_12;Symbol_13;Symbol_14;Symbol_15;Symbol_16;Symbol_17;Symbol_18;Symbol_19;Symbol_2;Symbol_20;Symbol_21;Symbol_22;Symbol_24;Symbol_25;Symbol_26;Symbol_27;Symbol_28;Symbol_29;Symbol_3;Symbol_30;Symbol_31;Symbol_32;Symbol_4;Symbol_5;Symbol_6;Symbol_7;Symbol_8;Symbol_9
70,synthetic,train,168,Symbol_1;Symbol_10;Symbol_11;Symbol_12;Symbol_13;Symbol_14;Symbol_15;Symbol_16;Symbol_17;Symbol_18;Symbol_19;Symbol_2;Symbol_20;Symbol_21;Symbol_22;Symbol_23;Symbol_24;Symbol_25;Symbol_26;Symbol_27;Symbol_28;Symbol_29;Symbol_3;Symbol_30;Symbol_31;Symbol_32;Symbol_4;Symbol_5;Symbol_6;Symbol_7;Symbol_8;Symbol_9
71,synthetic,train,153,Symbol_1;Symbol_10;Symbol_11;Symbol_12;Symbol_13;Symbol_14;Symbol_15;Symbol_16;Symbol_17;Symbol_18;Symbol_19;Symbol_2;Symbol_20;Symbol_21;Symbol_22;Symbol_23;Symbol_24;Symbol_25;Symbol_26;Symbol_27;Symbol_28;Symbol_29;Symbol_3;Symbol_30;Symbol_31;Symbol_32;Symbol_4;Symbol_5;Symbol_6;Symbol_7;Symbol_8;Symbol_9
72,synthetic,val,143,Symbol_10;Symbol_11;Symbol_12;Symbol_13;Symbol_14;Symbol_15;Symbol_16;Symbol_17;Symbol_18;Symbol_19;Symbol_2;Symbol_20;Symbol_21;Symbol_22;Symbol_23;Symbol_24;Symbol_25;Symbol_26;Symbol_27;Symbol_28;Symbol_29;Symbol_3;Symbol_30;Symbol_31;Symbol_32;Symbol_4;Symbol_5;Symbol_6;Symbol_7;Symbol_8;Symbol_9
73,synthetic,train,150,Symbol_1;Symbol_10;Symbol_11;Symbol_12;Symbol_13;Symbol_14;Symbol_15;Symbol_16;Symbol_17;Symbol_18;Symbol_19;Symbol_2;Symbol_20;Symbol_21;Symbol_22;Symbol_23;Symbol_24;Symbol_25;Symbol_26;Symbol_27;Symbol_28;Symbol_29;Symbol_3;Symbol_30;Symbol_31;Symbol_32;Symbol_4;Symbol_5;Symbol_6;Symbol_7;Symbol_8;Symbol_9
74,synthetic,train,149,Symbol_1;Symbol_10;Symbol_11;Symbol_12;Symbol_13;Symbol_14;Symbol_15;Symbol_16;Symbol_17;Symbol_18;Symbol_19;Symbol_2;Symbol_20;Symbol_21;Symbol_22;Symbol_23;Symbol_24;Symbol_25;Symbol_26;Symbol_27;Symbol_28;Symbol_29;Symbol_3;Symbol_30;Symbol_31;Symbol_32;Symbol_4;Symbol_5;Symbol_6;Symbol_7;Symbol_8;Symbol_9
75,synthetic,train,151,Symbol_1;Symbol_10;Symbol_11;Symbol_12;Symbol_13;Symbol_14;Symbol_15;Symbol_16;Symbol_17;Symbol_18;Symbol_19;Symbol_2;Symbol_20;Symbol_21;Symbol_22;Symbol_23;Symbol_25;Symbol_26;Symbol_27;Symbol_28;Symbol_29;Symbol_3;Symbol_30;Symbol_31;Symbol_32;Symbol_4;Symbol_5;Symbol_6;Symbol_7;Symbol_8;Symbol_9
76,synthetic,train,142,Symbol_1;Symbol_10;Symbol_11;Symbol_12;Symbol_13;Symbol_14;Symbol_15;Symbol_16;Symbol_17;Symbol_18;Symbol_19;Symbol_2;Symbol_20;Symbol_21;Symbol_22;Symbol_23;Symbol_24;Symbol_25;Symbol_26;Symbol_27;Symbol_28;Symbol_29;Symbol_3;Symbol_30;Symbol_31;Symbol_32;Symbol_4;Symbol_5;Symbol_6;Symbol_7;Symbol_8;Symbol_9
77,synthetic,train,173,Symbol_1;Symbol_10;Symbol_11;Symbol_12;Symbol_13;Symbol_14;Symbol_15;Symbol_16;Symbol_17;Symbol_18;Symbol_19;Symbol_2;Symbol_20;Symbol_21;Symbol_22;Symbol_23;Symbol_24;Symbol_25;Symbol_26;Symbol_27;Symbol_28;Symbol_29;Symbol_3;Symbol_30;Symbol_31;Symbol_32;Symbol_4;Symbol_5;Symbol_6;Symbol_7;Symbol_8;Symbol_9
78,synthetic,train,151,Symbol_1;Symbol_10;Symbol_11;Symbol_12;Symbol_14;Symbol_16;Symbol_17;Symbol_18;Symbol_19;Symbol_2;Symbol_20;Symbol_21;Symbol_22;Symbol_23;Symbol_24;Symbol_25;Symbol_26;Symbol_27;Symbol_28;Symbol_29;Symbol_3;Symbol_30;Symbol_31;Symbol_32;Symbol_4;Symbol_5;Symbol_6;Symbol_7;Symbol_8;Symbol_9
79,synthetic,train,163,Symbol_1;Symbol_10;Symbol_11;Symbol_12;Symbol_13;Symbol_14;Symbol_15;Symbol_16;Symbol_17;Symbol_18;Symbol_19;Symbol_2;Symbol_20;Symbol_21;Symbol_22;Symbol_23;Symbol_24;Symbol_25;Symbol_26;Symbol_27;Symbol_28;Symbol_29;Symbol_3;Symbol_30;Symbol_31;Symbol_32;Symbol_4;Symbol_5;Symbol_6;Symbol_7;Symbol_8;Symbol_9
8,synthetic,val,108,Symbol_1;Symbol_10;Symbol_11;Symbol_12;Symbol_13;Symbol_14;Symbol_15;Symbol_16;Symbol_17;Symbol_18;Symbol_19;Symbol_2;Symbol_20;Symbol_21;Symbol_22;Symbol_23;Symbol_24;Symbol_25;Symbol_26;Symbol_27;Symbol_28;Symbol_29;Symbol_3;Symbol_30;Symbol_31;Symbol_32;Symbol_4;Symbol_5;Symbol_6;Symbol_7;Symbol_8;Symbol_9
80,synthetic,train,99,Symbol_1;Symbol_11;Symbol_12;Symbol_13;Symbol_14;Symbol_15;Symbol_16;Symbol_17;Symbol_18;Symbol_19;Symbol_2;Symbol_20;Symbol_21;Symbol_22;Symbol_23;Symbol_24;Symbol_25;Symbol_26;Symbol_27;Symbol_28;Symbol_29;Symbol_3;Symbol_30;Symbol_31;Symbol_32;Symbol_4;Symbol_5;Symbol_6;Symbol_7;Symbol_8;Symbol_9
81,synthetic,val,88,Symbol_1;Symbol_10;Symbol_11;Symbol_12;Symbol_13;Symbol_15;Symbol_16;Symbol_17;Symbol_18;Symbol_19;Symbol_20;Symbol_21;Symbol_23;Symbol_24;Symbol_25;Symbol_26;Symbol_27;Symbol_28;Symbol_29;Symbol_3;Symbol_30;Symbol_31;Symbol_32;Symbol_4;Symbol_5;Symbol_6;Symbol_7;Symbol_8;Symbol_9
82,synthetic,train,75,Symbol_1;Symbol_11;Symbol_12;Symbol_13;Symbol_14;Symbol_15;Symbol_16;Symbol_17;Symbol_18;Symbol_19;Symbol_2;Symbol_20;Symbol_21;Symbol_22;Symbol_23;Symbol_24;Symbol_25;Symbol_26;Symbol_27;Symbol_28;Symbol_29;Symbol_3;Symbol_30;Symbol_31;Symbol_32;Symbol_4;Symbol_5;Symbol_6;Symbol_7;Symbol_8;Symbol_9
83,synthetic,train,120,Symbol_1;Symbol_10;Symbol_11;Symbol_12;Symbol_13;Symbol_14;Symbol_15;Symbol_16;Symbol_17;Symbol_18;Symbol_19;Symbol_2;Symbol_20;Symbol_21;Symbol_22;Symbol_23;Symbol_24;Symbol_25;Symbol_26;Symbol_27;Symbol_28;Symbol_29;Symbol_3;Symbol_30;Symbol_31;Symbol_32;Symbol_4;Symbol_5;Symbol_6;Symbol_7;Symbol_8;Symbol_9
84,synthetic,val,101,Symbol_10;Symbol_11;Symbol_12;Symbol_13;Symbol_14;Symbol_15;Symbol_16;Symbol_17;Symbol_18;Symbol_19;Symbol_2;Symbol_20;Symbol_21;Symbol_22;Symbol_23;Symbol_24;Symbol_25;Symbol_26;Symbol_27;Symbol_28;Symbol_29;Symbol_3;Symbol_30;Symbol_31;Symbol_32;Symbol_4;Symbol_5;Symbol_6;Symbol_7;Symbol_8;Symbol_9
85,synthetic,train,91,Symbol_10;Symbol_11;Symbol_12;Symbol_13;Symbol_14;Symbol_15;Symbol_16;Symbol_17;Symbol_18;Symbol_19;Symbol_2;Symbol_20;Symbol_21;Symbol_22;Symbol_25;Symbol_26;Symbol_27;Symbol_28;Symbol_29;Symbol_3;Symbol_30;Symbol_32;Symbol_4;Symbol_5;Symbol_7;Symbol_8;Symbol_9
86,synthetic,train,103,Symbol_1;Symbol_10;Symbol_11;Symbol_12;Symbol_13;Symbol_14;Symbol_15;Symbol_17;Symbol_18;Symbol_19;Symbol_2;Symbol_20;Symbol_21;Symbol_22;Symbol_23;Symbol_24;Symbol_25;Symbol_26;Symbol_27;Symbol_28;Symbol_29;Symbol_3;Symbol_30;Symbol_31;Symbol_32;Symbol_4;Symbol_5;Symbol_7;Symbol_8;Symbol_9
87,synthetic,val,104,Symbol_1;Symbol_10;Symbol_11;Symbol_12;Symbol_13;Symbol_14;Symbol_15;Symbol_16;Symbol_17;Symbol_18;Symbol_19;Symbol_2;Symbol_20;Symbol_21;Symbol_22;Symbol_23;Symbol_24;Symbol_25;Symbol_26;Symbol_27;Symbol_28;Symbol_29;Symbol_3;Symbol_31;Symbol_32;Symbol_4;Symbol_5;Symbol_6;Symbol_7;Symbol_8;Symbol_9
88,synthetic,train,98,Symbol_1;Symbol_10;Symbol_11;Symbol_12;Symbol_13;Symbol_14;Symbol_15;Symbol_16;Symbol_17;Symbol_18;Symbol_2;Symbol_20;Symbol_21;Symbol_22;Symbol_23;Symbol_24;Symbol_27;Symbol_28;Symbol_29;Symbol_3;Symbol_30;Symbol_32;Symbol_4;Symbol_5;Symbol_6;Symbol_7;Symbol_8;Symbol_9
89,synthetic,train,91,Symbol_1;Symbol_10;Symbol_11;Symbol_12;Symbol_13;Symbol_14;Symbol_15;Symbol_16;Symbol_17;Symbol_18;Symbol_19;Symbol_2;Symbol_20;Symbol_21;Symbol_22;Symbol_24;Symbol_25;Symbol_26;Symbol_27;Symbol_28;Symbol_3;Symbol_30;Symbol_31;Symbol_32;Symbol_4;Symbol_5;Symbol_6;Symbol_7;Symbol_8;Symbol_9
9,synthetic,train,101,Symbol_1;Symbol_10;Symbol_11;Symbol_12;Symbol_13;Symbol_14;Symbol_15;Symbol_16;Symbol_17;Symbol_18;Symbol_19;Symbol_2;Symbol_20;Symbol_21;Symbol_22;Symbol_23;Symbol_24;Symbol_25;Symbol_26;Symbol_27;Symbol_28;Symbol_29;Symbol_3;Symbol_30;Symbol_31;Symbol_32;Symbol_4;Symbol_5;Symbol_6;Symbol_7;Symbol_8;Symbol_9
90,synthetic,val,102,Symbol_1;Symbol_10;Symbol_11;Symbol_12;Symbol_13;Symbol_14;Symbol_15;Symbol_16;Symbol_17;Symbol_18;Symbol_19;Symbol_2;Symbol_20;Symbol_21;Symbol_22;Symbol_23;Symbol_24;Symbol_25;Symbol_26;Symbol_28;Symbol_29;Symbol_3;Symbol_30;Symbol_31;Symbol_32;Symbol_4;Symbol_5;Symbol_6;Symbol_7;Symbol_8;Symbol_9
91,synthetic,train,112,Symbol_1;Symbol_10;Symbol_11;Symbol_12;Symbol_13;Symbol_14;Symbol_15;Symbol_16;Symbol_17;Symbol_18;Symbol_19;Symbol_2;Symbol_20;Symbol_21;Symbol_22;Symbol_23;Symbol_24;Symbol_25;Symbol_26;Symbol_27;Symbol_28;Symbol_29;Symbol_3;Symbol_30;Symbol_31;Symbol_32;Symbol_4;Symbol_5;Symbol_6;Symbol_7;Symbol_8;Symbol_9
92,synthetic,train,102,Symbol_1;Symbol_10;Symbol_11;Symbol_12;Symbol_13;Symbol_14;Symbol_15;Symbol_16;Symbol_17;Symbol_18;Symbol_19;Symbol_2;Symbol_20;Symbol_21;Symbol_22;Symbol_23;Symbol_24;Symbol_25;Symbol_26;Symbol_27;Symbol_28;Symbol_29;Symbol_3;Symbol_30;Symbol_31;Symbol_32;Symbol_4;Symbol_5;Symbol_6;Symbol_7;Symbol_8;Symbol_9
93,synthetic,train,100,Symbol_1;Symbol_10;Symbol_11;Symbol_12;Symbol_13;Symbol_14;Symbol_15;Symbol_16;Symbol_17;Symbol_18;Symbol_2;Symbol_20;Symbol_21;Symbol_22;Symbol_23;Symbol_24;Symbol_25;Symbol_26;Symbol_27;Symbol_28;Symbol_29;Symbol_3;Symbol_30;Symbol_31;Symbol_32;Symbol_4;Symbol_5;Symbol_6;Symbol_7;Symbol_8;Symbol_9
94,synthetic,train,105,Symbol_1;Symbol_10;Symbol_11;Symbol_12;Symbol_13;Symbol_14;Symbol_15;Symbol_16;Symbol_17;Symbol_18;Symbol_19;Symbol_2;Symbol_21;Symbol_22;Symbol_23;Symbol_24;Symbol_25;Symbol_26;Symbol_27;Symbol_28;Symbol_29;Symbol_3;Symbol_30;Symbol_31;Symbol_32;Symbol_4;Symbol_5;Symbol_7;Symbol_8;Symbol_9
95,synthetic,train,97,Symbol_1;Symbol_10;Symbol_11;Symbol_12;Symbol_13;Symbol_14;Symbol_15;Symbol_16;Symbol_17;Symbol_18;Symbol_19;Symbol_2;Symbol_20;Symbol_21;Symbol_22;Symbol_23;Symbol_24;Symbol_25;Symbol_26;Symbol_27;Symbol_28;Symbol_29;Symbol_3;Symbol_30;Symbol_31;Symbol_32;Symbol_4;Symbol_5;Symbol_6;Symbol_7;Symbol_8;Symbol_9
96,synthetic,val,107,Symbol_1;Symbol_10;Symbol_11;Symbol_12;Symbol_13;Symbol_14;Symbol_15;Symbol_16;Symbol_17;Symbol_18;Symbol_19;Symbol_2;Symbol_20;Symbol_21;Symbol_22;Symbol_23;Symbol_24;Symbol_25;Symbol_26;Symbol_27;Symbol_28;Symbol_29;Symbol_3;Symbol_30;Symbol_31;Symbol_32;Symbol_4;Symbol_5;Symbol_6;Symbol_7;Symbol_8;Symbol_9
97,synthetic,train,105,Symbol_1;Symbol_10;Symbol_12;Symbol_13;Symbol_14;Symbol_15;Symbol_16;Symbol_17;Symbol_18;Symbol_19;Symbol_2;Symbol_20;Symbol_21;Symbol_22;Symbol_23;Symbol_24;Symbol_25;Symbol_27;Symbol_28;Symbol_29;Symbol_3;Symbol_30;Symbol_31;Symbol_32;Symbol_4;Symbol_5;Symbol_6;Symbol_7;Symbol_8;Symbol_9
98,synthetic,train,94,Symbol_1;Symbol_10;Symbol_11;Symbol_12;Symbol_13;Symbol_14;Symbol_15;Symbol_16;Symbol_17;Symbol_18;Symbol_19;Symbol_2;Symbol_20;Symbol_21;Symbol_22;Symbol_23;Symbol_24;Symbol_25;Symbol_26;Symbol_27;Symbol_28;Symbol_29;Symbol_3;Symbol_30;Symbol_31;Symbol_32;Symbol_4;Symbol_5;Symbol_6;Symbol_7;Symbol_8;Symbol_9
99,synthetic,train,99,Symbol_1;Symbol_10;Symbol_11;Symbol_12;Symbol_13;Symbol_14;Symbol_15;Symbol_16;Symbol_17;Symbol_18;Symbol_2;Symbol_20;Symbol_21;Symbol_22;Symbol_23;Symbol_24;Symbol_25;Symbol_26;Symbol_27;Symbol_28;Symbol_29;Symbol_3;Symbol_30;Symbol_31;Symbol_32;Symbol_4;Symbol_5;Symbol_6;Symbol_7;Symbol_8;Symbol_9
